sku,product_name,category,description,material,thickness,size,capacity,unit,color,retail_price,b2b_price,moq,is_test_data
FBT-A-ZIP-12.5x19.5x6.5-BLU,Flat Bottom 1000 gr ,Flat Bottom,"Kemasan Flat Bottom 1000 gr  kualitas premium dari kategori Flat Bottom. Dibuat dengan opp doff 20 / vmpet 12 / lldpe 110 yang menjamin keamanan produk Anda. Sangat ideal untuk menjaga kesegaran kopi, snack, atau produk UMKM lainnya. Tampilan profesional untuk meningkatkan nilai jual brand Anda.",opp doff 20 / vmpet 12 / lldpe 110,145 Micron,150mm x 325mm x 95mm,1000.0,gr,Blue,3.7,3000.0,,False
FBT-A-ZIP-12.5x19.5x6.5-KRF,Flat Bottom 1000 gr ,Flat Bottom,"Kemasan Flat Bottom 1000 gr  kualitas premium dari kategori Flat Bottom. Dibuat dengan opp doff 20 / vmpet 12 / lldpe 110 yang menjamin keamanan produk Anda. Sangat ideal untuk menjaga kesegaran kopi, snack, atau produk UMKM lainnya. Tampilan profesional untuk meningkatkan nilai jual brand Anda.",opp doff 20 / vmpet 12 / lldpe 110,145 Micron,150mm x 325mm x 95mm,1000.0,gr,Kraft,3.7,3000.0,,False
FBT-A-ZIP-12.5x19.5x6.5-GLD,Flat Bottom 1000 gr ,Flat Bottom,"Kemasan Flat Bottom 1000 gr  kualitas premium dari kategori Flat Bottom. Dibuat dengan opp doff 20 / vmpet 12 / lldpe 110 yang menjamin keamanan produk Anda. Sangat ideal untuk menjaga kesegaran kopi, snack, atau produk UMKM lainnya. Tampilan profesional untuk meningkatkan nilai jual brand Anda.",opp doff 20 / vmpet 12 / lldpe 110,145 Micron,150mm x 325mm x 95mm,1000.0,gr,Gold ,3.7,3000.0,,False
FBT-M-ZIP-12.5x19.5x6.5-RED,Flat Bottom 1000 gr ,Flat Bottom,"Kemasan Flat Bottom 1000 gr  kualitas premium dari kategori Flat Bottom. Dibuat dengan opp doff 20 / vmpet 12 / lldpe 110 yang menjamin keamanan produk Anda. Sangat ideal untuk menjaga kesegaran kopi, snack, atau produk UMKM lainnya. Tampilan profesional untuk meningkatkan nilai jual brand Anda.",opp doff 20 / vmpet 12 / lldpe 110,145 Micron,150mm x 325mm x 95mm,1000.0,gr,Red ,3.7,3000.0,,False
FBT-A-ZIP-12.5x19.5x6.5-WHT,Flat Bottom 1000 gr ,Flat Bottom,"Kemasan Flat Bottom 1000 gr  kualitas premium dari kategori Flat Bottom. Dibuat dengan opp doff 20 / alu 7 / lldpe 110 yang menjamin keamanan produk Anda. Sangat ideal untuk menjaga kesegaran kopi, snack, atau produk UMKM lainnya. Tampilan profesional untuk meningkatkan nilai jual brand Anda.",opp doff 20 / alu 7 / lldpe 110,140 Micron,150mm x 325mm x 95mm,1000.0,gr,White ,3.8,3000.0,,False
FBT-A-ZIP-12.5x19.5x6.5-BLK,Flat Bottom 1000 gr ,Flat Bottom,"Kemasan Flat Bottom 1000 gr  kualitas premium dari kategori Flat Bottom. Dibuat dengan opp doff 20 / alu 7 / lldpe 110 yang menjamin keamanan produk Anda. Sangat ideal untuk menjaga kesegaran kopi, snack, atau produk UMKM lainnya. Tampilan profesional untuk meningkatkan nilai jual brand Anda.",opp doff 20 / alu 7 / lldpe 110,140 Micron,150mm x 325mm x 95mm,1000.0,gr,Black ,3.8,3000.0,,False
FBT-A-ZIP-12.4x19.5x6.5-BLK,Flat Bottom 250 gr ,Flat Bottom,"Kemasan Flat Bottom 250 gr  kualitas premium dari kategori Flat Bottom. Dibuat dengan opp doff 20 / alu 7 / lldpe 110 yang menjamin keamanan produk Anda. Sangat ideal untuk menjaga kesegaran kopi, snack, atau produk UMKM lainnya. Tampilan profesional untuk meningkatkan nilai jual brand Anda.",opp doff 20 / alu 7 / lldpe 110,140 Micron,125mm x 195mm x 65mm,250.0,gr,Black ,2.858,2000.0,,False
FBT-A-ZIP-12.4x19.5x6.5-WHT,Flat Bottom 250 gr ,Flat Bottom,"Kemasan Flat Bottom 250 gr  kualitas premium dari kategori Flat Bottom. Dibuat dengan opp doff 20 / alu 7 / lldpe 110 yang menjamin keamanan produk Anda. Sangat ideal untuk menjaga kesegaran kopi, snack, atau produk UMKM lainnya. Tampilan profesional untuk meningkatkan nilai jual brand Anda.",opp doff 20 / alu 7 / lldpe 110,140 Micron,125mm x 195mm x 65mm,250.0,gr,White ,2.858,2000.0,,False
FBT-A-ZIP-12.4x19.5x6.5-RED,Flat Bottom 250 gr ,Flat Bottom,"Kemasan Flat Bottom 250 gr  kualitas premium dari kategori Flat Bottom. Dibuat dengan opp doff 20 / alu 7 / lldpe 110 yang menjamin keamanan produk Anda. Sangat ideal untuk menjaga kesegaran kopi, snack, atau produk UMKM lainnya. Tampilan profesional untuk meningkatkan nilai jual brand Anda.",opp doff 20 / alu 7 / lldpe 110,140 Micron,125mm x 195mm x 65mm,250.0,gr,Red,2.858,2000.0,,False
FBT-A-ZIP-12.4x19.5x6.5-KRF,Flat Bottom 250 gr ,Flat Bottom,"Kemasan Flat Bottom 250 gr  kualitas premium dari kategori Flat Bottom. Dibuat dengan opp doff 20 / alu 7 / lldpe 110 yang menjamin keamanan produk Anda. Sangat ideal untuk menjaga kesegaran kopi, snack, atau produk UMKM lainnya. Tampilan profesional untuk meningkatkan nilai jual brand Anda.",opp doff 20 / alu 7 / lldpe 110,140 Micron,125mm x 195mm x 65mm,250.0,gr,Kraft,2.858,2000.0,,False
FBT-A-ZIP-12.4x19.5x6.5-GLD,Flat Bottom 250 gr ,Flat Bottom,"Kemasan Flat Bottom 250 gr  kualitas premium dari kategori Flat Bottom. Dibuat dengan opp doff 20 / alu 7 / lldpe 110 yang menjamin keamanan produk Anda. Sangat ideal untuk menjaga kesegaran kopi, snack, atau produk UMKM lainnya. Tampilan profesional untuk meningkatkan nilai jual brand Anda.",opp doff 20 / alu 7 / lldpe 110,140 Micron,125mm x 195mm x 65mm,250.0,gr,Gold ,2.858,2000.0,,False
FBT-A-ZIP-12.4x19.5x6.5-TRS,Flat Bottom 250 gr ,Flat Bottom,"Kemasan Flat Bottom 250 gr  kualitas premium dari kategori Flat Bottom. Dibuat dengan opp doff 20 / alu 7 / lldpe 110 yang menjamin keamanan produk Anda. Sangat ideal untuk menjaga kesegaran kopi, snack, atau produk UMKM lainnya. Tampilan profesional untuk meningkatkan nilai jual brand Anda.",opp doff 20 / alu 7 / lldpe 110,140 Micron,125mm x 195mm x 65mm,250.0,gr,Transparent ,2.858,2000.0,,False
FBT-A-ZIP-25x35x9.5-GLD,Flat Bottom 2500 gr ,Flat Bottom,"Kemasan Flat Bottom 2500 gr  kualitas premium dari kategori Flat Bottom. Dibuat dengan pet 12 / vmpet 12 / lldpe 140 yang menjamin keamanan produk Anda. Sangat ideal untuk menjaga kesegaran kopi, snack, atau produk UMKM lainnya. Tampilan profesional untuk meningkatkan nilai jual brand Anda.",pet 12 / vmpet 12 / lldpe 140,170 micron,250mm x 350mm x 95mm ,2500.0,gr,Gold ,7.0,7000.0,,False
FBT-A-ZIP-25x35x9.5-WHT,Flat Bottom 2500 gr ,Flat Bottom,"Kemasan Flat Bottom 2500 gr  kualitas premium dari kategori Flat Bottom. Dibuat dengan pet 12 / vmpet 12 / lldpe 140 yang menjamin keamanan produk Anda. Sangat ideal untuk menjaga kesegaran kopi, snack, atau produk UMKM lainnya. Tampilan profesional untuk meningkatkan nilai jual brand Anda.",pet 12 / vmpet 12 / lldpe 140,170 micron,250mm x 350mm x 95mm ,2500.0,gr,White ,7.0,5500.0,,False
FBT-A-ZIP-25x35x9.5-BLK,Flat Bottom 2500 gr ,Flat Bottom,"Kemasan Flat Bottom 2500 gr  kualitas premium dari kategori Flat Bottom. Dibuat dengan pet 12 / vmpet 12 / lldpe 140 yang menjamin keamanan produk Anda. Sangat ideal untuk menjaga kesegaran kopi, snack, atau produk UMKM lainnya. Tampilan profesional untuk meningkatkan nilai jual brand Anda.",pet 12 / vmpet 12 / lldpe 140,170 micron,250mm x 350mm x 95mm ,2500.0,gr,Black ,7.0,5500.0,,False
FBT-A-ZIP-30x49x13-BLK,Flat Bottom 5000 gr ,Flat Bottom,"Kemasan Flat Bottom 5000 gr  kualitas premium dari kategori Flat Bottom. Dibuat dengan pet 12 / vmpet 12 / lldpe 140 yang menjamin keamanan produk Anda. Sangat ideal untuk menjaga kesegaran kopi, snack, atau produk UMKM lainnya. Tampilan profesional untuk meningkatkan nilai jual brand Anda.",pet 12 / vmpet 12 / lldpe 140,170 micron,300mm x 490mm x 130mm,5000.0,gr,Black ,7.7,7000.0,,False
FBT-A-ZIP-30x49x13-WHT,Flat Bottom 5000 gr ,Flat Bottom,"Kemasan Flat Bottom 5000 gr  kualitas premium dari kategori Flat Bottom. Dibuat dengan pet 12 / vmpet 12 / lldpe 140 yang menjamin keamanan produk Anda. Sangat ideal untuk menjaga kesegaran kopi, snack, atau produk UMKM lainnya. Tampilan profesional untuk meningkatkan nilai jual brand Anda.",pet 12 / vmpet 12 / lldpe 140,170 micron,300mm x 490mm x 130mm,5000.0,gr,White ,7.7,7000.0,,False
FBL-N-ZIP-20x30x8-TRS,Flat Bottom Lightpack ,Flat Bottom,"Kemasan Flat Bottom Lightpack  kualitas premium dari kategori Flat Bottom. Dibuat dengan pet 12 / lldpe 90 yang menjamin keamanan produk Anda. Sangat ideal untuk menjaga kesegaran kopi, snack, atau produk UMKM lainnya. Tampilan profesional untuk meningkatkan nilai jual brand Anda.",pet 12 / lldpe 90,105 Micron,200mm x 300mm + 80mm,,,Transparent ,1.85,1542.0,,False
FBL-N-ZIP-18x28x8-TRS,Flat Bottom Lightpack ,Flat Bottom,"Kemasan Flat Bottom Lightpack  kualitas premium dari kategori Flat Bottom. Dibuat dengan pet 12 / lldpe 90 yang menjamin keamanan produk Anda. Sangat ideal untuk menjaga kesegaran kopi, snack, atau produk UMKM lainnya. Tampilan profesional untuk meningkatkan nilai jual brand Anda.",pet 12 / lldpe 90,105 Micron,180mm x 280mm + 80mm,,,Transparent ,1.925,1603.0,,False
FBL-N-ZIP-16x26x8-TRS,Flat Bottom Lightpack ,Flat Bottom,"Kemasan Flat Bottom Lightpack  kualitas premium dari kategori Flat Bottom. Dibuat dengan pet 12 / lldpe 90 yang menjamin keamanan produk Anda. Sangat ideal untuk menjaga kesegaran kopi, snack, atau produk UMKM lainnya. Tampilan profesional untuk meningkatkan nilai jual brand Anda.",pet 12 / lldpe 90,105 Micron,160mm x 260mm + 80mm,,,Transparent ,1.585,1319.0,,False
FBL-N-ZIP-12x22x6-TRS,Flat Bottom Lightpack ,Flat Bottom,"Kemasan Flat Bottom Lightpack  kualitas premium dari kategori Flat Bottom. Dibuat dengan pet 12 / lldpe 90 yang menjamin keamanan produk Anda. Sangat ideal untuk menjaga kesegaran kopi, snack, atau produk UMKM lainnya. Tampilan profesional untuk meningkatkan nilai jual brand Anda.",pet 12 / lldpe 90,105 Micron,120mm x 220mm + 60mm,,,Transparent ,1.135,943.0,,False
FBL-N-ZIP-10x22x6-TRS,Flat Bottom Lightpack ,Flat Bottom,"Kemasan Flat Bottom Lightpack  kualitas premium dari kategori Flat Bottom. Dibuat dengan pet 12 / lldpe 90 yang menjamin keamanan produk Anda. Sangat ideal untuk menjaga kesegaran kopi, snack, atau produk UMKM lainnya. Tampilan profesional untuk meningkatkan nilai jual brand Anda.",pet 12 / lldpe 90,105 Micron,100mm x 200mm + 60mm,,,Transparent ,775.0,645.0,,False
FBT-P-ZIP-9x18x7-RCP,Flat Bottom Rice Paper 100 gr ,Flat Bottom,"Kemasan Flat Bottom Rice Paper 100 gr  kualitas premium dari kategori Flat Bottom. Dibuat dengan Rice Paper / LLDPE (Food Grade) yang menjamin keamanan produk Anda. Sangat ideal untuk menjaga kesegaran kopi, snack, atau produk UMKM lainnya. Tampilan profesional untuk meningkatkan nilai jual brand Anda.",Rice Paper / LLDPE (Food Grade),,90mm x 180mm + 70mm,100.0,gr,Rice Paper,2.45,1850.0,,False
FBT-P-ZIP-15x32.5x9.5-RCP,Flat Bottom Rice Paper 1000 gr ,Flat Bottom,"Kemasan Flat Bottom Rice Paper 1000 gr  kualitas premium dari kategori Flat Bottom. Dibuat dengan Rice Paper / LLDPE (Food Grade) yang menjamin keamanan produk Anda. Sangat ideal untuk menjaga kesegaran kopi, snack, atau produk UMKM lainnya. Tampilan profesional untuk meningkatkan nilai jual brand Anda.",Rice Paper / LLDPE (Food Grade),,150mm x 325mm + 95mm,1000.0,gr,Rice Paper,3.85,3200.0,,False
FBT-P-ZIP-10x13x7-RCP,Flat Bottom Rice Paper 250 gr,Flat Bottom,"Kemasan Flat Bottom Rice Paper 250 gr kualitas premium dari kategori Flat Bottom. Dibuat dengan Rice Paper / LLDPE (Food Grade) yang menjamin keamanan produk Anda. Sangat ideal untuk menjaga kesegaran kopi, snack, atau produk UMKM lainnya. Tampilan profesional untuk meningkatkan nilai jual brand Anda.",Rice Paper / LLDPE (Food Grade),,200mm x 130mm + 70mm,250.0,gr,Rice Paper,2.85,2150.0,,False
FBT-P-ZIP-13x26x7.5-RCP,Flat Bottom Rice Paper 500 gr,Flat Bottom,"Kemasan Flat Bottom Rice Paper 500 gr kualitas premium dari kategori Flat Bottom. Dibuat dengan Rice Paper / LLDPE (Food Grade) yang menjamin keamanan produk Anda. Sangat ideal untuk menjaga kesegaran kopi, snack, atau produk UMKM lainnya. Tampilan profesional untuk meningkatkan nilai jual brand Anda.",Rice Paper / LLDPE (Food Grade),,130mm x 260mm + 75mm,500.0,gr,Rice Paper,3.35,2450.0,,False
FBS-P-ZIP-13.5x14.5x8-RCP,Flat Bottom Rice Paper Square 100 gr,Flat Bottom,"Kemasan Flat Bottom Rice Paper Square 100 gr kualitas premium dari kategori Flat Bottom. Dibuat dengan Rice Paper / LLDPE (Food Grade) yang menjamin keamanan produk Anda. Sangat ideal untuk menjaga kesegaran kopi, snack, atau produk UMKM lainnya. Tampilan profesional untuk meningkatkan nilai jual brand Anda.",Rice Paper / LLDPE (Food Grade),,135mm x 145mm + 80mm,100.0,gr,Rice Paper,2.3,1950.0,,False
FBS-P-ZIP-23x24x10-RCP,Flat Bottom Rice Paper Square 1000 gr,Flat Bottom,"Kemasan Flat Bottom Rice Paper Square 1000 gr kualitas premium dari kategori Flat Bottom. Dibuat dengan Rice Paper / LLDPE (Food Grade) yang menjamin keamanan produk Anda. Sangat ideal untuk menjaga kesegaran kopi, snack, atau produk UMKM lainnya. Tampilan profesional untuk meningkatkan nilai jual brand Anda.",Rice Paper / LLDPE (Food Grade),,230mm x 240mm + 100mm,1000.0,gr,Rice Paper,4.65,3850.0,,False
FBS-P-ZIP-16x16x8-RCP,Flat Bottom Rice Paper Square 250 gr,Flat Bottom,"Kemasan Flat Bottom Rice Paper Square 250 gr kualitas premium dari kategori Flat Bottom. Dibuat dengan Rice Paper / LLDPE (Food Grade) yang menjamin keamanan produk Anda. Sangat ideal untuk menjaga kesegaran kopi, snack, atau produk UMKM lainnya. Tampilan profesional untuk meningkatkan nilai jual brand Anda.",Rice Paper / LLDPE (Food Grade),,160mm x 160mm + 80mm,250.0,gr,Rice Paper,3.25,2550.0,,False
FBS-P-ZIP-19.5x20x8-RCP,Flat Bottom Rice Paper Square 500 gr,Flat Bottom,"Kemasan Flat Bottom Rice Paper Square 500 gr kualitas premium dari kategori Flat Bottom. Dibuat dengan Rice Paper / LLDPE (Food Grade) yang menjamin keamanan produk Anda. Sangat ideal untuk menjaga kesegaran kopi, snack, atau produk UMKM lainnya. Tampilan profesional untuk meningkatkan nilai jual brand Anda.",Rice Paper / LLDPE (Food Grade),,195mm x 200mm + 80mm,500.0,gr,Rice Paper,4.05,3350.0,,False
FBS-M-ZIP-24x23x10-BRW,Flat Bottom Square 1000 gr,Flat Bottom,"Kemasan Flat Bottom Square 1000 gr kualitas premium dari kategori Flat Bottom. Dibuat dengan opp doff 20 / vmpet 12 / lldpe 110 yang menjamin keamanan produk Anda. Sangat ideal untuk menjaga kesegaran kopi, snack, atau produk UMKM lainnya. Tampilan profesional untuk meningkatkan nilai jual brand Anda.",opp doff 20 / vmpet 12 / lldpe 110,170 Micron,240 mm x 230 mm x 100 mm,1000.0,gr,Brown ,4.0,3300.0,,False
FBS-M-ZIP-24x23x10-RED,Flat Bottom Square 1000 gr,Flat Bottom,"Kemasan Flat Bottom Square 1000 gr kualitas premium dari kategori Flat Bottom. Dibuat dengan opp doff 20 / vmpet 12 / lldpe 110 yang menjamin keamanan produk Anda. Sangat ideal untuk menjaga kesegaran kopi, snack, atau produk UMKM lainnya. Tampilan profesional untuk meningkatkan nilai jual brand Anda.",opp doff 20 / vmpet 12 / lldpe 110,170 Micron,240 mm x 230 mm x 100 mm,1000.0,gr,Red,4.0,3300.0,,False
FBS-M-ZIP-24x23x10-KRF,Flat Bottom Square 1000 gr,Flat Bottom,"Kemasan Flat Bottom Square 1000 gr kualitas premium dari kategori Flat Bottom. Dibuat dengan opp doff 20 / vmpet 12 / lldpe 110 yang menjamin keamanan produk Anda. Sangat ideal untuk menjaga kesegaran kopi, snack, atau produk UMKM lainnya. Tampilan profesional untuk meningkatkan nilai jual brand Anda.",opp doff 20 / vmpet 12 / lldpe 110,170 Micron,240 mm x 230 mm x 100 mm,1000.0,gr,Kraft,4.0,3300.0,,False
FBS-M-ZIP-24x23x10-BLU,Flat Bottom Square 1000 gr,Flat Bottom,"Kemasan Flat Bottom Square 1000 gr kualitas premium dari kategori Flat Bottom. Dibuat dengan opp doff 20 / vmpet 12 / lldpe 110 yang menjamin keamanan produk Anda. Sangat ideal untuk menjaga kesegaran kopi, snack, atau produk UMKM lainnya. Tampilan profesional untuk meningkatkan nilai jual brand Anda.",opp doff 20 / vmpet 12 / lldpe 110,170 Micron,240 mm x 230 mm x 100 mm,1000.0,gr,Blue,4.0,3300.0,,False
FBS-M-ZIP-24x23x10-BLK,Flat Bottom Square 1000 gr,Flat Bottom,"Kemasan Flat Bottom Square 1000 gr kualitas premium dari kategori Flat Bottom. Dibuat dengan opp doff 20 / vmpet 12 / lldpe 110 yang menjamin keamanan produk Anda. Sangat ideal untuk menjaga kesegaran kopi, snack, atau produk UMKM lainnya. Tampilan profesional untuk meningkatkan nilai jual brand Anda.",opp doff 20 / vmpet 12 / lldpe 110,170 Micron,240 mm x 230 mm x 100 mm,1000.0,gr,Black ,4.0,3300.0,,False
FBS-M-ZIP-24x23x10-WHT,Flat Bottom Square 1000 gr,Flat Bottom,"Kemasan Flat Bottom Square 1000 gr kualitas premium dari kategori Flat Bottom. Dibuat dengan opp doff 20 / vmpet 12 / lldpe 110 yang menjamin keamanan produk Anda. Sangat ideal untuk menjaga kesegaran kopi, snack, atau produk UMKM lainnya. Tampilan profesional untuk meningkatkan nilai jual brand Anda.",opp doff 20 / vmpet 12 / lldpe 110,170 Micron,240 mm x 230 mm x 100 mm,1000.0,gr,White ,4.0,3300.0,,False
FBS-M-ZIP-15.5x16.5x7.5-BLK,Flat Bottom Square 250 gr ,Flat Bottom,"Kemasan Flat Bottom Square 250 gr  kualitas premium dari kategori Flat Bottom. Dibuat dengan OPP DOFF 20 / VMPET 12 / LLDPE 110 yang menjamin keamanan produk Anda. Sangat ideal untuk menjaga kesegaran kopi, snack, atau produk UMKM lainnya. Tampilan profesional untuk meningkatkan nilai jual brand Anda.",OPP DOFF 20 / VMPET 12 / LLDPE 110,170 Micron,155 mm x 165 mm x 75mm,250.0,gr,Black ,3.4,2500.0,,False
FBS-M-ZIP-15.5x16.5x7.5-WHT,Flat Bottom Square 250 gr ,Flat Bottom,"Kemasan Flat Bottom Square 250 gr  kualitas premium dari kategori Flat Bottom. Dibuat dengan OPP DOFF 20 / VMPET 12 / LLDPE 110 yang menjamin keamanan produk Anda. Sangat ideal untuk menjaga kesegaran kopi, snack, atau produk UMKM lainnya. Tampilan profesional untuk meningkatkan nilai jual brand Anda.",OPP DOFF 20 / VMPET 12 / LLDPE 110,170 Micron,155 mm x 165 mm x 75mm,250.0,gr,White ,3.4,2500.0,,False
FBS-M-ZIP-15.5x16.5x7.5-BRW,Flat Bottom Square 250 gr ,Flat Bottom,"Kemasan Flat Bottom Square 250 gr  kualitas premium dari kategori Flat Bottom. Dibuat dengan OPP DOFF 20 / VMPET 12 / LLDPE 110 yang menjamin keamanan produk Anda. Sangat ideal untuk menjaga kesegaran kopi, snack, atau produk UMKM lainnya. Tampilan profesional untuk meningkatkan nilai jual brand Anda.",OPP DOFF 20 / VMPET 12 / LLDPE 110,170 Micron,155 mm x 165 mm x 75mm,250.0,gr,Brown ,3.4,2500.0,,False
FBS-M-ZIP-15.5x16.5x7.5-PNK,Flat Bottom Square 250 gr ,Flat Bottom,"Kemasan Flat Bottom Square 250 gr  kualitas premium dari kategori Flat Bottom. Dibuat dengan OPP DOFF 20 / VMPET 12 / LLDPE 110 yang menjamin keamanan produk Anda. Sangat ideal untuk menjaga kesegaran kopi, snack, atau produk UMKM lainnya. Tampilan profesional untuk meningkatkan nilai jual brand Anda.",OPP DOFF 20 / VMPET 12 / LLDPE 110,170 Micron,155 mm x 165 mm x 75mm,250.0,gr,Pink,3.4,2500.0,,False
FBS-M-ZIP-15.5x16.5x7.5-GRN,Flat Bottom Square 250 gr ,Flat Bottom,"Kemasan Flat Bottom Square 250 gr  kualitas premium dari kategori Flat Bottom. Dibuat dengan OPP DOFF 20 / VMPET 12 / LLDPE 110 yang menjamin keamanan produk Anda. Sangat ideal untuk menjaga kesegaran kopi, snack, atau produk UMKM lainnya. Tampilan profesional untuk meningkatkan nilai jual brand Anda.",OPP DOFF 20 / VMPET 12 / LLDPE 110,170 Micron,155 mm x 165 mm x 75mm,250.0,gr,Green,3.4,2500.0,,False
FBS-M-ZIP-15.5x16.5x7.5-BLU,Flat Bottom Square 250 gr ,Flat Bottom,"Kemasan Flat Bottom Square 250 gr  kualitas premium dari kategori Flat Bottom. Dibuat dengan OPP DOFF 20 / VMPET 12 / LLDPE 110 yang menjamin keamanan produk Anda. Sangat ideal untuk menjaga kesegaran kopi, snack, atau produk UMKM lainnya. Tampilan profesional untuk meningkatkan nilai jual brand Anda.",OPP DOFF 20 / VMPET 12 / LLDPE 110,170 Micron,155 mm x 165 mm x 75mm,250.0,gr,Blue,3.4,2500.0,,False
FBS-M-ZIP-15.5x16.5x7.5-RED,Flat Bottom Square 250 gr ,Flat Bottom,"Kemasan Flat Bottom Square 250 gr  kualitas premium dari kategori Flat Bottom. Dibuat dengan OPP DOFF 20 / VMPET 12 / LLDPE 110 yang menjamin keamanan produk Anda. Sangat ideal untuk menjaga kesegaran kopi, snack, atau produk UMKM lainnya. Tampilan profesional untuk meningkatkan nilai jual brand Anda.",OPP DOFF 20 / VMPET 12 / LLDPE 110,170 Micron,155 mm x 165 mm x 75mm,250.0,gr,Red,3.4,2500.0,,False
FBS-M-ZIP-15.5x16.5x7.5-YLW,Flat Bottom Square 250 gr ,Flat Bottom,"Kemasan Flat Bottom Square 250 gr  kualitas premium dari kategori Flat Bottom. Dibuat dengan OPP DOFF 20 / VMPET 12 / LLDPE 110 yang menjamin keamanan produk Anda. Sangat ideal untuk menjaga kesegaran kopi, snack, atau produk UMKM lainnya. Tampilan profesional untuk meningkatkan nilai jual brand Anda.",OPP DOFF 20 / VMPET 12 / LLDPE 110,170 Micron,155 mm x 165 mm x 75mm,250.0,gr,Yellow,3.4,2500.0,,False
FBS-M-ZIP-15.5x16.5x7.5-KRF,Flat Bottom Square 250 gr ,Flat Bottom,"Kemasan Flat Bottom Square 250 gr  kualitas premium dari kategori Flat Bottom. Dibuat dengan OPP DOFF 20 / VMPET 12 / LLDPE 110 yang menjamin keamanan produk Anda. Sangat ideal untuk menjaga kesegaran kopi, snack, atau produk UMKM lainnya. Tampilan profesional untuk meningkatkan nilai jual brand Anda.",OPP DOFF 20 / VMPET 12 / LLDPE 110,170 Micron,155 mm x 165 mm x 75mm,250.0,gr,Kraft,3.4,2500.0,,False
FBT-M-ZIP-15.5x16.5x7.5-YLW,Flat Bottom Square Tail 250 gr ,Flat Bottom,"Kemasan Flat Bottom Square Tail 250 gr  kualitas premium dari kategori Flat Bottom. Dibuat dengan OPP DOFF 20 / VMPET 12 / LLDPE 110 yang menjamin keamanan produk Anda. Sangat ideal untuk menjaga kesegaran kopi, snack, atau produk UMKM lainnya. Tampilan profesional untuk meningkatkan nilai jual brand Anda.",OPP DOFF 20 / VMPET 12 / LLDPE 110,170 Micron,155 mm x 165 mm x 75mm,250.0,gr,Yellow,5.0,4000.0,,False
FBT-M-ZIP-15.5x16.5x7.5-WHT,Flat Bottom Square Tail 250 gr ,Flat Bottom,"Kemasan Flat Bottom Square Tail 250 gr  kualitas premium dari kategori Flat Bottom. Dibuat dengan OPP DOFF 20 / VMPET 12 / LLDPE 110 yang menjamin keamanan produk Anda. Sangat ideal untuk menjaga kesegaran kopi, snack, atau produk UMKM lainnya. Tampilan profesional untuk meningkatkan nilai jual brand Anda.",OPP DOFF 20 / VMPET 12 / LLDPE 110,170 Micron,155 mm x 165 mm x 75mm,250.0,gr,White ,5.0,4000.0,,False
FBT-M-ZIP-15.5x16.5x7.5-GLD,Flat Bottom Square Tail 250 gr ,Flat Bottom,"Kemasan Flat Bottom Square Tail 250 gr  kualitas premium dari kategori Flat Bottom. Dibuat dengan OPP DOFF 20 / VMPET 12 / LLDPE 110 yang menjamin keamanan produk Anda. Sangat ideal untuk menjaga kesegaran kopi, snack, atau produk UMKM lainnya. Tampilan profesional untuk meningkatkan nilai jual brand Anda.",OPP DOFF 20 / VMPET 12 / LLDPE 110,170 Micron,155 mm x 165 mm x 75mm,250.0,gr,Gold ,5.0,4000.0,,False
FBT-M-ZIP-15.5x16.5x7.5-ORG,Flat Bottom Square Tail 250 gr ,Flat Bottom,"Kemasan Flat Bottom Square Tail 250 gr  kualitas premium dari kategori Flat Bottom. Dibuat dengan OPP DOFF 20 / VMPET 12 / LLDPE 110 yang menjamin keamanan produk Anda. Sangat ideal untuk menjaga kesegaran kopi, snack, atau produk UMKM lainnya. Tampilan profesional untuk meningkatkan nilai jual brand Anda.",OPP DOFF 20 / VMPET 12 / LLDPE 110,170 Micron,155 mm x 165 mm x 75mm,250.0,gr,Orange ,5.0,4000.0,,False
FBT-M-ZIP-15.5x16.5x7.5-BLU,Flat Bottom Square Tail 250 gr ,Flat Bottom,"Kemasan Flat Bottom Square Tail 250 gr  kualitas premium dari kategori Flat Bottom. Dibuat dengan OPP DOFF 20 / VMPET 12 / LLDPE 110 yang menjamin keamanan produk Anda. Sangat ideal untuk menjaga kesegaran kopi, snack, atau produk UMKM lainnya. Tampilan profesional untuk meningkatkan nilai jual brand Anda.",OPP DOFF 20 / VMPET 12 / LLDPE 110,170 Micron,155 mm x 165 mm x 75mm,250.0,gr,Blue,5.0,4000.0,,False
FBT-M-ZIP-15.5x16.5x7.5-GRN,Flat Bottom Square Tail 250 gr ,Flat Bottom,"Kemasan Flat Bottom Square Tail 250 gr  kualitas premium dari kategori Flat Bottom. Dibuat dengan OPP DOFF 20 / VMPET 12 / LLDPE 110 yang menjamin keamanan produk Anda. Sangat ideal untuk menjaga kesegaran kopi, snack, atau produk UMKM lainnya. Tampilan profesional untuk meningkatkan nilai jual brand Anda.",OPP DOFF 20 / VMPET 12 / LLDPE 110,170 Micron,155 mm x 165 mm x 75mm,250.0,gr,Green,5.0,4000.0,,False
GST-A-CSG-23x39-BLK,Gusset Alumunium Centre Seal 1000gr,Gusset,"Kemasan Gusset Alumunium Centre Seal 1000gr kualitas premium dari kategori Gusset. Dibuat dengan pet 12 / alu 7 / lldpe 120 yang menjamin keamanan produk Anda. Sangat ideal untuk menjaga kesegaran kopi, snack, atau produk UMKM lainnya. Tampilan profesional untuk meningkatkan nilai jual brand Anda.",pet 12 / alu 7 / lldpe 120,145 micron,2(130+90+10)mm x 390mm,1000.0,gr,Hitam Glossy,3.2,2500.0,,False
GST-A-CSG-23x39-WHT,Gusset Alumunium Centre Seal 1000gr,Gusset,"Kemasan Gusset Alumunium Centre Seal 1000gr kualitas premium dari kategori Gusset. Dibuat dengan pet 12 / alu 7 / lldpe 120 yang menjamin keamanan produk Anda. Sangat ideal untuk menjaga kesegaran kopi, snack, atau produk UMKM lainnya. Tampilan profesional untuk meningkatkan nilai jual brand Anda.",pet 12 / alu 7 / lldpe 120,145 micron,2(130+90+10)mm x 390mm,1000.0,gr,Putih Doff,3.2,2500.0,,False
GST-A-CSG-23x39-GLD,Gusset Alumunium Centre Seal 1000gr,Gusset,"Kemasan Gusset Alumunium Centre Seal 1000gr kualitas premium dari kategori Gusset. Dibuat dengan pet 12 / alu 7 / lldpe 120 yang menjamin keamanan produk Anda. Sangat ideal untuk menjaga kesegaran kopi, snack, atau produk UMKM lainnya. Tampilan profesional untuk meningkatkan nilai jual brand Anda.",pet 12 / alu 7 / lldpe 120,145 micron,2(130+90+10)mm x 390mm,1000.0,gr,Gold Doff,3.2,2500.0,,False
GST-M-CSG-17x28.5-SLV,Gusset Metalized Centre Seal 330gr,Gusset,"Kemasan Gusset Metalized Centre Seal 330gr kualitas premium dari kategori Gusset. Dibuat dengan pet 12 / vmcpp 35 yang menjamin keamanan produk Anda. Sangat ideal untuk menjaga kesegaran kopi, snack, atau produk UMKM lainnya. Tampilan profesional untuk meningkatkan nilai jual brand Anda.",pet 12 / vmcpp 35,50 micron,2(90+70+10)MM x 285MM,330.0,gr,Silver,600.0,500.0,,False
GST-A-QUA-25x39-SLV,Gusset Alumunium Quad Seal 1000gr ,Gusset,"Kemasan Gusset Alumunium Quad Seal 1000gr  kualitas premium dari kategori Gusset. Dibuat dengan opp doff 20 / alu 7 / lldpe 120 yang menjamin keamanan produk Anda. Sangat ideal untuk menjaga kesegaran kopi, snack, atau produk UMKM lainnya. Tampilan profesional untuk meningkatkan nilai jual brand Anda.",opp doff 20 / alu 7 / lldpe 120,155 micron,2(150+100)mm X 390mm,1000.0,gr,Silver,3.2,2500.0,,False
GST-A-QUA-25x39-BLK,Gusset Alumunium Quad Seal 1000gr ,Gusset,"Kemasan Gusset Alumunium Quad Seal 1000gr  kualitas premium dari kategori Gusset. Dibuat dengan opp doff 20 / alu 7 / lldpe 120 yang menjamin keamanan produk Anda. Sangat ideal untuk menjaga kesegaran kopi, snack, atau produk UMKM lainnya. Tampilan profesional untuk meningkatkan nilai jual brand Anda.",opp doff 20 / alu 7 / lldpe 120,155 micron,2(150+100)mm X 390mm,1000.0,gr,Hitam,3.2,2500.0,,False
GST-A-QUA-25x39-WHT,Gusset Alumunium Quad Seal 1000gr ,Gusset,"Kemasan Gusset Alumunium Quad Seal 1000gr  kualitas premium dari kategori Gusset. Dibuat dengan opp doff 20 / alu 7 / lldpe 120 yang menjamin keamanan produk Anda. Sangat ideal untuk menjaga kesegaran kopi, snack, atau produk UMKM lainnya. Tampilan profesional untuk meningkatkan nilai jual brand Anda.",opp doff 20 / alu 7 / lldpe 120,155 micron,2(150+100)mm X 390mm,1000.0,gr,Putih,3.2,2500.0,,False
GST-A-QUA-22x30-GLD,Gusset Alumunium Quad Seal 1000gr (Takaran Serbuk),Gusset,"Kemasan Gusset Alumunium Quad Seal 1000gr (Takaran Serbuk) kualitas premium dari kategori Gusset. Dibuat dengan opp 20 / alu 7 / lldpe 90 yang menjamin keamanan produk Anda. Sangat ideal untuk menjaga kesegaran kopi, snack, atau produk UMKM lainnya. Tampilan profesional untuk meningkatkan nilai jual brand Anda.",opp 20 / alu 7 / lldpe 90,120 micron,2(160+60)mm x 300mm,1000.0,gr,Gold,2.3,1650.0,,False
GST-A-QUA-22x30-SLV,Gusset Alumunium Quad Seal 1000gr (Takaran Serbuk),Gusset,"Kemasan Gusset Alumunium Quad Seal 1000gr (Takaran Serbuk) kualitas premium dari kategori Gusset. Dibuat dengan opp 20 / alu 7 / lldpe 90 yang menjamin keamanan produk Anda. Sangat ideal untuk menjaga kesegaran kopi, snack, atau produk UMKM lainnya. Tampilan profesional untuk meningkatkan nilai jual brand Anda.",opp 20 / alu 7 / lldpe 90,120 micron,2(160+60)mm x 300mm,1000.0,gr,Silver,2.3,1650.0,,False
GST-A-QUA-11.5x38-BLK,Gusset Alumunium Quad Seal 100gr ,Gusset,"Kemasan Gusset Alumunium Quad Seal 100gr  kualitas premium dari kategori Gusset. Dibuat dengan opp doff 20 / alu 7 / lldpe 70 yang menjamin keamanan produk Anda. Sangat ideal untuk menjaga kesegaran kopi, snack, atau produk UMKM lainnya. Tampilan profesional untuk meningkatkan nilai jual brand Anda.",opp doff 20 / alu 7 / lldpe 70,105 micron,2(80+35)mm X 220mm,100.0,gr,Hitam,1.35,900.0,,False
GST-A-QUA-11.5x38-WHT,Gusset Alumunium Quad Seal 100gr ,Gusset,"Kemasan Gusset Alumunium Quad Seal 100gr  kualitas premium dari kategori Gusset. Dibuat dengan opp doff 20 / alu 7 / lldpe 70 yang menjamin keamanan produk Anda. Sangat ideal untuk menjaga kesegaran kopi, snack, atau produk UMKM lainnya. Tampilan profesional untuk meningkatkan nilai jual brand Anda.",opp doff 20 / alu 7 / lldpe 70,105 micron,2(80+35)mm X 220mm,100.0,gr,Putih,1.35,900.0,,False
GST-A-QUA-15x30-BLK,Gusset Alumunium Quad Seal 250gr ,Gusset,"Kemasan Gusset Alumunium Quad Seal 250gr  kualitas premium dari kategori Gusset. Dibuat dengan opp doff 20 / alu 7 / lldpe 90 yang menjamin keamanan produk Anda. Sangat ideal untuk menjaga kesegaran kopi, snack, atau produk UMKM lainnya. Tampilan profesional untuk meningkatkan nilai jual brand Anda.",opp doff 20 / alu 7 / lldpe 90,125 micron,2(90+60)mm X 300mm,250.0,gr,Hitam,1.8,1100.0,,False
GST-A-QUA-15x30-WHT,Gusset Alumunium Quad Seal 250gr ,Gusset,"Kemasan Gusset Alumunium Quad Seal 250gr  kualitas premium dari kategori Gusset. Dibuat dengan opp doff 20 / alu 7 / lldpe 90 yang menjamin keamanan produk Anda. Sangat ideal untuk menjaga kesegaran kopi, snack, atau produk UMKM lainnya. Tampilan profesional untuk meningkatkan nilai jual brand Anda.",opp doff 20 / alu 7 / lldpe 90,125 micron,2(90+60)mm X 300mm,250.0,gr,Putih,1.8,1100.0,,False
GST-A-QUA-39.5x60-SLV,Gusset Alumunium Quad Seal 5000gr ,Gusset,"Kemasan Gusset Alumunium Quad Seal 5000gr  kualitas premium dari kategori Gusset. Dibuat dengan opp 20 / alu 7 / lldpe 120 yang menjamin keamanan produk Anda. Sangat ideal untuk menjaga kesegaran kopi, snack, atau produk UMKM lainnya. Tampilan profesional untuk meningkatkan nilai jual brand Anda.",opp 20 / alu 7 / lldpe 120,150 micron,2(240+145)mm x 600mm,5000.0,gr,Silver,9.8,8000.0,,False
GST-A-QUA-19x34-BLK,Gusset Alumunium Quad Seal 500gr ,Gusset,"Kemasan Gusset Alumunium Quad Seal 500gr  kualitas premium dari kategori Gusset. Dibuat dengan opp doff 20 / alu 7 / lldpe 100 yang menjamin keamanan produk Anda. Sangat ideal untuk menjaga kesegaran kopi, snack, atau produk UMKM lainnya. Tampilan profesional untuk meningkatkan nilai jual brand Anda.",opp doff 20 / alu 7 / lldpe 100,135 micron,2(110+80)mm X 340mm,500.0,gr,Hitam,2.8,1800.0,,False
GST-A-QUA-19x34-WHT,Gusset Alumunium Quad Seal 500gr ,Gusset,"Kemasan Gusset Alumunium Quad Seal 500gr  kualitas premium dari kategori Gusset. Dibuat dengan opp doff 20 / alu 7 / lldpe 100 yang menjamin keamanan produk Anda. Sangat ideal untuk menjaga kesegaran kopi, snack, atau produk UMKM lainnya. Tampilan profesional untuk meningkatkan nilai jual brand Anda.",opp doff 20 / alu 7 / lldpe 100,135 micron,2(110+80)mm X 340mm,500.0,gr,Putih,2.8,1800.0,,False
GST-A-ECO-25x39-BRN,Gusset Eco Alumunium 1000gr,Gusset,"Kemasan Gusset Eco Alumunium 1000gr kualitas premium dari kategori Gusset. Dibuat dengan Litho 40  / alu 7 / lldpe 120 yang menjamin keamanan produk Anda. Sangat ideal untuk menjaga kesegaran kopi, snack, atau produk UMKM lainnya. Tampilan profesional untuk meningkatkan nilai jual brand Anda.",Litho 40  / alu 7 / lldpe 120,155 micron,2(150+100)mm X 390mm,1000.0,gr,Coklat,3.2,2500.0,,False
GST-A-ECO-11.5x22-BRN,Gusset Eco Alumunium 100gr,Gusset,"Kemasan Gusset Eco Alumunium 100gr kualitas premium dari kategori Gusset. Dibuat dengan Litho 40 / alu 7 / lldpe 70 yang menjamin keamanan produk Anda. Sangat ideal untuk menjaga kesegaran kopi, snack, atau produk UMKM lainnya. Tampilan profesional untuk meningkatkan nilai jual brand Anda.",Litho 40 / alu 7 / lldpe 70,105 micron,2(80+35)mm X 220mm,100.0,gr,Coklat,1.35,900.0,,False
GST-A-ECO-15x30-BRN,Gusset Eco Alumunium 250gr,Gusset,"Kemasan Gusset Eco Alumunium 250gr kualitas premium dari kategori Gusset. Dibuat dengan Litho 40 / alu 7 / lldpe 90 yang menjamin keamanan produk Anda. Sangat ideal untuk menjaga kesegaran kopi, snack, atau produk UMKM lainnya. Tampilan profesional untuk meningkatkan nilai jual brand Anda.",Litho 40 / alu 7 / lldpe 90,125 micron,2(90+60)mm X 300mm,250.0,gr,Coklat,1.8,1100.0,,False
SCT-A-BBK-20x30-SLV,Sachet 1000gr,Sachet,"Kemasan Sachet 1000gr kualitas premium dari kategori Sachet. Dibuat dengan pet 12 / alu 7 / lldpe 60 yang menjamin keamanan produk Anda. Sangat ideal untuk menjaga kesegaran kopi, snack, atau produk UMKM lainnya. Tampilan profesional untuk meningkatkan nilai jual brand Anda.",pet 12 / alu 7 / lldpe 60,85 micron,200mm x 300mm,1000.0,gr,Silver,1.1,950.0,,False
SCT-A-BBK-8x9-SLV,Sachet 15gr,Sachet,"Kemasan Sachet 15gr kualitas premium dari kategori Sachet. Dibuat dengan pet 12 / alu 7 / lldpe 50 yang menjamin keamanan produk Anda. Sangat ideal untuk menjaga kesegaran kopi, snack, atau produk UMKM lainnya. Tampilan profesional untuk meningkatkan nilai jual brand Anda.",pet 12 / alu 7 / lldpe 50,75 micron,80mm x 90mm,15.0,gr,Silver,165.0,154.0,,False
SCT-A-BBK-8x12-SLV,Sachet 25gr,Sachet,"Kemasan Sachet 25gr kualitas premium dari kategori Sachet. Dibuat dengan pet 12 / alu 7 / lldpe 50 yang menjamin keamanan produk Anda. Sangat ideal untuk menjaga kesegaran kopi, snack, atau produk UMKM lainnya. Tampilan profesional untuk meningkatkan nilai jual brand Anda.",pet 12 / alu 7 / lldpe 50,75 micron,80mm x 120mm,25.0,gr,Silver,220.0,179.0,,False
SCT-A-BBK-12x12-SLV,Sachet 35gr,Sachet,"Kemasan Sachet 35gr kualitas premium dari kategori Sachet. Dibuat dengan pet 12 / alu 7 / lldpe 50 yang menjamin keamanan produk Anda. Sangat ideal untuk menjaga kesegaran kopi, snack, atau produk UMKM lainnya. Tampilan profesional untuk meningkatkan nilai jual brand Anda.",pet 12 / alu 7 / lldpe 50,75 micron,120mm x 120mm,35.0,gr,Silver,340.0,278.0,,False
SCT-A-BBK-12x16-SLV,Sachet 50gr,Sachet,"Kemasan Sachet 50gr kualitas premium dari kategori Sachet. Dibuat dengan pet 12 / alu 7 / lldpe 50 yang menjamin keamanan produk Anda. Sangat ideal untuk menjaga kesegaran kopi, snack, atau produk UMKM lainnya. Tampilan profesional untuk meningkatkan nilai jual brand Anda.",pet 12 / alu 7 / lldpe 50,75 micron,120mm x 160mm,50.0,gr,Silver,425.0,314.0,,False
SCT-M-DRP-10x12.5-BLK,Sachet Drip ,Sachet,"Kemasan Sachet Drip  kualitas premium dari kategori Sachet. Dibuat dengan opp doff 20 / vmpet 12 / lldpe 95 yang menjamin keamanan produk Anda. Sangat ideal untuk menjaga kesegaran kopi, snack, atau produk UMKM lainnya. Tampilan profesional untuk meningkatkan nilai jual brand Anda.",opp doff 20 / vmpet 12 / lldpe 95,130 micron,100mm x 125mm,,,Black ,585.0,400.0,,False
SCT-M-DRP-10x12.5-WHT,Sachet Drip ,Sachet,"Kemasan Sachet Drip  kualitas premium dari kategori Sachet. Dibuat dengan opp doff 20 / vmpet 12 / lldpe 95 yang menjamin keamanan produk Anda. Sangat ideal untuk menjaga kesegaran kopi, snack, atau produk UMKM lainnya. Tampilan profesional untuk meningkatkan nilai jual brand Anda.",opp doff 20 / vmpet 12 / lldpe 95,130 micron,100mm x 125mm,,,White,585.0,400.0,,False
RET-R-SCT-8x9-SLV,Sachet Retort,Sachet,"Kemasan Sachet Retort kualitas premium dari kategori Sachet. Dibuat dengan pet 12 / alu 7 / nylon 15 / cpp retort 80 yang menjamin keamanan produk Anda. Sangat ideal untuk menjaga kesegaran kopi, snack, atau produk UMKM lainnya. Tampilan profesional untuk meningkatkan nilai jual brand Anda.",pet 12 / alu 7 / nylon 15 / cpp retort 80,,80mm x 90mm,,,Silver,485.0,330.0,,False
RET-R-SCT-25x50-SLV,Sachet Retort,Sachet,"Kemasan Sachet Retort kualitas premium dari kategori Sachet. Dibuat dengan pet 12 / alu 7 / nylon 15 / cpp retort 80 yang menjamin keamanan produk Anda. Sangat ideal untuk menjaga kesegaran kopi, snack, atau produk UMKM lainnya. Tampilan profesional untuk meningkatkan nilai jual brand Anda.",pet 12 / alu 7 / nylon 15 / cpp retort 80,,250mm x 500mm,,,Silver,8.435,5722.0,,False
RET-R-SCT-25x34-SLV,Sachet Retort,Sachet,"Kemasan Sachet Retort kualitas premium dari kategori Sachet. Dibuat dengan pet 12 / alu 7 / nylon 15 / cpp retort 80 yang menjamin keamanan produk Anda. Sangat ideal untuk menjaga kesegaran kopi, snack, atau produk UMKM lainnya. Tampilan profesional untuk meningkatkan nilai jual brand Anda.",pet 12 / alu 7 / nylon 15 / cpp retort 80,,250mm x 340mm,,,Silver,4.19,2843.0,,False
RET-R-SCT-17x25-SLV,Sachet Retort,Sachet,"Kemasan Sachet Retort kualitas premium dari kategori Sachet. Dibuat dengan pet 12 / alu 7 / nylon 15 / cpp retort 80 yang menjamin keamanan produk Anda. Sangat ideal untuk menjaga kesegaran kopi, snack, atau produk UMKM lainnya. Tampilan profesional untuk meningkatkan nilai jual brand Anda.",pet 12 / alu 7 / nylon 15 / cpp retort 80,,170mm x 250mm,,,Silver,2.945,1996.0,,False
RET-R-SCT-16x23-SLV,Sachet Retort,Sachet,"Kemasan Sachet Retort kualitas premium dari kategori Sachet. Dibuat dengan pet 12 / alu 7 / nylon 15 / cpp retort 80 yang menjamin keamanan produk Anda. Sangat ideal untuk menjaga kesegaran kopi, snack, atau produk UMKM lainnya. Tampilan profesional untuk meningkatkan nilai jual brand Anda.",pet 12 / alu 7 / nylon 15 / cpp retort 80,,160mm x 230mm,,,Silver,1.89,1281.0,,False
RET-R-SCT-15x40-SLV,Sachet Retort,Sachet,"Kemasan Sachet Retort kualitas premium dari kategori Sachet. Dibuat dengan pet 12 / alu 7 / nylon 15 / cpp retort 80 yang menjamin keamanan produk Anda. Sangat ideal untuk menjaga kesegaran kopi, snack, atau produk UMKM lainnya. Tampilan profesional untuk meningkatkan nilai jual brand Anda.",pet 12 / alu 7 / nylon 15 / cpp retort 80,,150mm x 400mm,,,Silver,3.44,2337.0,,False
RET-R-SCT-15x30-SLV,Sachet Retort,Sachet,"Kemasan Sachet Retort kualitas premium dari kategori Sachet. Dibuat dengan pet 12 / alu 7 / nylon 15 / cpp retort 80 yang menjamin keamanan produk Anda. Sangat ideal untuk menjaga kesegaran kopi, snack, atau produk UMKM lainnya. Tampilan profesional untuk meningkatkan nilai jual brand Anda.",pet 12 / alu 7 / nylon 15 / cpp retort 80,,150mm x 300mm,,,Silver,2.61,1771.0,,False
RET-R-SCT-15x20-SLV,Sachet Retort,Sachet,"Kemasan Sachet Retort kualitas premium dari kategori Sachet. Dibuat dengan pet 12 / alu 7 / nylon 15 / cpp retort 80 yang menjamin keamanan produk Anda. Sangat ideal untuk menjaga kesegaran kopi, snack, atau produk UMKM lainnya. Tampilan profesional untuk meningkatkan nilai jual brand Anda.",pet 12 / alu 7 / nylon 15 / cpp retort 80,,150mm x 200mm,,,Silver,1.78,1208.0,,False
RET-R-SCT-13x21-SLV,Sachet Retort,Sachet,"Kemasan Sachet Retort kualitas premium dari kategori Sachet. Dibuat dengan pet 12 / alu 7 / nylon 15 / cpp retort 80 yang menjamin keamanan produk Anda. Sangat ideal untuk menjaga kesegaran kopi, snack, atau produk UMKM lainnya. Tampilan profesional untuk meningkatkan nilai jual brand Anda.",pet 12 / alu 7 / nylon 15 / cpp retort 80,,130mm x 210mm,,,Silver,1.55,1053.0,,False
RET-R-SCT-12x15-SLV,Sachet Retort,Sachet,"Kemasan Sachet Retort kualitas premium dari kategori Sachet. Dibuat dengan pet 12 / alu 7 / nylon 15 / cpp retort 80 yang menjamin keamanan produk Anda. Sangat ideal untuk menjaga kesegaran kopi, snack, atau produk UMKM lainnya. Tampilan profesional untuk meningkatkan nilai jual brand Anda.",pet 12 / alu 7 / nylon 15 / cpp retort 80,,120mm x 150mm,,,Silver,1.11,753.0,,False
RET-R-SCT-12x12-SLV,Sachet Retort,Sachet,"Kemasan Sachet Retort kualitas premium dari kategori Sachet. Dibuat dengan pet 12 / alu 7 / nylon 15 / cpp retort 80 yang menjamin keamanan produk Anda. Sangat ideal untuk menjaga kesegaran kopi, snack, atau produk UMKM lainnya. Tampilan profesional untuk meningkatkan nilai jual brand Anda.",pet 12 / alu 7 / nylon 15 / cpp retort 80,,120mm x 120mm,,,Silver,1.105,751.0,,False
STP-B-ZIP-49x38-BLK,Standing Pouch 5kg,Standing Pouch,"Kemasan Standing Pouch 5kg kualitas premium dari kategori Standing Pouch. Dibuat dengan pet 12 / vmpet 12 / lldpe 140 yang menjamin keamanan produk Anda. Sangat ideal untuk menjaga kesegaran kopi, snack, atau produk UMKM lainnya. Tampilan profesional untuk meningkatkan nilai jual brand Anda.",pet 12 / vmpet 12 / lldpe 140,165 micron,2(490+90)mm x 380mm,5.0,kg,Black ,7.7,7000.0,,False
STP-A-ZIP-9x15-SLV,Standing Pouch Alumunium Zipper,Standing Pouch,"Kemasan Standing Pouch Alumunium Zipper kualitas premium dari kategori Standing Pouch. Dibuat dengan PET 12 / ALU 7 / LLDPE 50  yang menjamin keamanan produk Anda. Sangat ideal untuk menjaga kesegaran kopi, snack, atau produk UMKM lainnya. Tampilan profesional untuk meningkatkan nilai jual brand Anda.",PET 12 / ALU 7 / LLDPE 50 ,75 Micron,9 cm x 15 cm ,,,Silver ,540.0,448.0,,False
STP-A-ZIP-9x15-GLD,Standing Pouch Alumunium Zipper,Standing Pouch,"Kemasan Standing Pouch Alumunium Zipper kualitas premium dari kategori Standing Pouch. Dibuat dengan PET 12 / ALU 7 / LLDPE 50  yang menjamin keamanan produk Anda. Sangat ideal untuk menjaga kesegaran kopi, snack, atau produk UMKM lainnya. Tampilan profesional untuk meningkatkan nilai jual brand Anda.",PET 12 / ALU 7 / LLDPE 50 ,75 Micron,9 cm x 15 cm ,,,Gold ,585.0,486.0,,False
STP-A-ZIP-9x15-BLK,Standing Pouch Alumunium Zipper,Standing Pouch,"Kemasan Standing Pouch Alumunium Zipper kualitas premium dari kategori Standing Pouch. Dibuat dengan PET 12 / ALU 7 / LLDPE 50  yang menjamin keamanan produk Anda. Sangat ideal untuk menjaga kesegaran kopi, snack, atau produk UMKM lainnya. Tampilan profesional untuk meningkatkan nilai jual brand Anda.",PET 12 / ALU 7 / LLDPE 50 ,75 Micron,9 cm x 15 cm ,,,Black ,585.0,486.0,,False
STP-A-ZIP-9x15-WHT,Standing Pouch Alumunium Zipper,Standing Pouch,"Kemasan Standing Pouch Alumunium Zipper kualitas premium dari kategori Standing Pouch. Dibuat dengan PET 12 / ALU 7 / LLDPE 50  yang menjamin keamanan produk Anda. Sangat ideal untuk menjaga kesegaran kopi, snack, atau produk UMKM lainnya. Tampilan profesional untuk meningkatkan nilai jual brand Anda.",PET 12 / ALU 7 / LLDPE 50 ,75 Micron,9 cm x 15 cm ,,,White ,585.0,486.0,,False
STP-A-ZIP-18x29-SLV,Standing Pouch Alumunium Zipper,Standing Pouch,"Kemasan Standing Pouch Alumunium Zipper kualitas premium dari kategori Standing Pouch. Dibuat dengan PET 12 / ALU 7 / LLDPE 80 yang menjamin keamanan produk Anda. Sangat ideal untuk menjaga kesegaran kopi, snack, atau produk UMKM lainnya. Tampilan profesional untuk meningkatkan nilai jual brand Anda.",PET 12 / ALU 7 / LLDPE 80,106 Micron,18 cm x 29 cm ,,,Silver ,1.92,1600.0,,False
STP-A-ZIP-18x29-GLD,Standing Pouch Alumunium Zipper,Standing Pouch,"Kemasan Standing Pouch Alumunium Zipper kualitas premium dari kategori Standing Pouch. Dibuat dengan PET 12 / ALU 7 / LLDPE 80 yang menjamin keamanan produk Anda. Sangat ideal untuk menjaga kesegaran kopi, snack, atau produk UMKM lainnya. Tampilan profesional untuk meningkatkan nilai jual brand Anda.",PET 12 / ALU 7 / LLDPE 80,106 Micron,18 cm x 29 cm ,,,Gold ,1.995,1664.0,,False
STP-A-ZIP-18x29-BLK,Standing Pouch Alumunium Zipper,Standing Pouch,"Kemasan Standing Pouch Alumunium Zipper kualitas premium dari kategori Standing Pouch. Dibuat dengan PET 12 / ALU 7 / LLDPE 80 yang menjamin keamanan produk Anda. Sangat ideal untuk menjaga kesegaran kopi, snack, atau produk UMKM lainnya. Tampilan profesional untuk meningkatkan nilai jual brand Anda.",PET 12 / ALU 7 / LLDPE 80,106 Micron,18 cm x 29 cm ,,,Black ,1.995,1664.0,,False
STP-A-ZIP-18x29-WHT,Standing Pouch Alumunium Zipper,Standing Pouch,"Kemasan Standing Pouch Alumunium Zipper kualitas premium dari kategori Standing Pouch. Dibuat dengan PET 12 / ALU 7 / LLDPE 80 yang menjamin keamanan produk Anda. Sangat ideal untuk menjaga kesegaran kopi, snack, atau produk UMKM lainnya. Tampilan profesional untuk meningkatkan nilai jual brand Anda.",PET 12 / ALU 7 / LLDPE 80,106 Micron,18 cm x 29 cm ,,,White ,1.995,1664.0,,False
STP-A-ZIP-14x23-SLV,Standing Pouch Alumunium Zipper,Standing Pouch,"Kemasan Standing Pouch Alumunium Zipper kualitas premium dari kategori Standing Pouch. Dibuat dengan PET 12 / ALU 7 / LLDPE 70 yang menjamin keamanan produk Anda. Sangat ideal untuk menjaga kesegaran kopi, snack, atau produk UMKM lainnya. Tampilan profesional untuk meningkatkan nilai jual brand Anda.",PET 12 / ALU 7 / LLDPE 70,95 Micron,14 cm x 23 cm ,,,Silver ,935.0,778.0,,False
STP-A-ZIP-14x23-GLD,Standing Pouch Alumunium Zipper,Standing Pouch,"Kemasan Standing Pouch Alumunium Zipper kualitas premium dari kategori Standing Pouch. Dibuat dengan PET 12 / ALU 7 / LLDPE 70 yang menjamin keamanan produk Anda. Sangat ideal untuk menjaga kesegaran kopi, snack, atau produk UMKM lainnya. Tampilan profesional untuk meningkatkan nilai jual brand Anda.",PET 12 / ALU 7 / LLDPE 70,95 Micron,14 cm x 23 cm ,,,Gold ,985.0,822.0,,False
STP-A-ZIP-14x23-BLK,Standing Pouch Alumunium Zipper,Standing Pouch,"Kemasan Standing Pouch Alumunium Zipper kualitas premium dari kategori Standing Pouch. Dibuat dengan PET 12 / ALU 7 / LLDPE 70 yang menjamin keamanan produk Anda. Sangat ideal untuk menjaga kesegaran kopi, snack, atau produk UMKM lainnya. Tampilan profesional untuk meningkatkan nilai jual brand Anda.",PET 12 / ALU 7 / LLDPE 70,95 Micron,14 cm x 23 cm ,,,Black ,985.0,822.0,,False
STP-A-ZIP-14x23-WHT,Standing Pouch Alumunium Zipper,Standing Pouch,"Kemasan Standing Pouch Alumunium Zipper kualitas premium dari kategori Standing Pouch. Dibuat dengan PET 12 / ALU 7 / LLDPE 70 yang menjamin keamanan produk Anda. Sangat ideal untuk menjaga kesegaran kopi, snack, atau produk UMKM lainnya. Tampilan profesional untuk meningkatkan nilai jual brand Anda.",PET 12 / ALU 7 / LLDPE 70,95 Micron,14 cm x 23 cm ,,,White ,985.0,822.0,,False
STP-A-ZIP-13x20.5-SLV,Standing Pouch Alumunium Zipper,Standing Pouch,"Kemasan Standing Pouch Alumunium Zipper kualitas premium dari kategori Standing Pouch. Dibuat dengan PET 12 / ALU 7 / LLDPE 60 yang menjamin keamanan produk Anda. Sangat ideal untuk menjaga kesegaran kopi, snack, atau produk UMKM lainnya. Tampilan profesional untuk meningkatkan nilai jual brand Anda.",PET 12 / ALU 7 / LLDPE 60,85 Micron ,13 cm x 20.5 cm ,,,Silver ,845.0,704.0,,False
STP-A-ZIP-13x20.5-GLD,Standing Pouch Alumunium Zipper,Standing Pouch,"Kemasan Standing Pouch Alumunium Zipper kualitas premium dari kategori Standing Pouch. Dibuat dengan PET 12 / ALU 7 / LLDPE 60 yang menjamin keamanan produk Anda. Sangat ideal untuk menjaga kesegaran kopi, snack, atau produk UMKM lainnya. Tampilan profesional untuk meningkatkan nilai jual brand Anda.",PET 12 / ALU 7 / LLDPE 60,85 Micron ,13 cm x 20.5 cm ,,,Gold ,890.0,739.0,,False
STP-A-ZIP-13x20.5-BLK,Standing Pouch Alumunium Zipper,Standing Pouch,"Kemasan Standing Pouch Alumunium Zipper kualitas premium dari kategori Standing Pouch. Dibuat dengan PET 12 / ALU 7 / LLDPE 60 yang menjamin keamanan produk Anda. Sangat ideal untuk menjaga kesegaran kopi, snack, atau produk UMKM lainnya. Tampilan profesional untuk meningkatkan nilai jual brand Anda.",PET 12 / ALU 7 / LLDPE 60,85 Micron ,13 cm x 20.5 cm ,,,Black ,890.0,739.0,,False
STP-A-ZIP-13x20.5-WHT,Standing Pouch Alumunium Zipper,Standing Pouch,"Kemasan Standing Pouch Alumunium Zipper kualitas premium dari kategori Standing Pouch. Dibuat dengan PET 12 / ALU 7 / LLDPE 60 yang menjamin keamanan produk Anda. Sangat ideal untuk menjaga kesegaran kopi, snack, atau produk UMKM lainnya. Tampilan profesional untuk meningkatkan nilai jual brand Anda.",PET 12 / ALU 7 / LLDPE 60,85 Micron ,13 cm x 20.5 cm ,,,White ,890.0,739.0,,False
STP-A-ZIP-24x34-BLK,Standing Pouch Alumunium Zipper Premium 1000gr ,Standing Pouch,"Kemasan Standing Pouch Alumunium Zipper Premium 1000gr  kualitas premium dari kategori Standing Pouch. Dibuat dengan opp doff 20 / ALU 7 / LLDPE 100 yang menjamin keamanan produk Anda. Sangat ideal untuk menjaga kesegaran kopi, snack, atau produk UMKM lainnya. Tampilan profesional untuk meningkatkan nilai jual brand Anda.",opp doff 20 / ALU 7 / LLDPE 100,135 micron,24 cm x 34 cm ,1000.0,gr,Black,3.3,2650.0,,False
STP-A-ZIP-24x34-BLK,Standing Pouch Alumunium Zipper Premium 1000gr ,Standing Pouch,"Kemasan Standing Pouch Alumunium Zipper Premium 1000gr  kualitas premium dari kategori Standing Pouch. Dibuat dengan opp doff 20 / ALU 7 / LLDPE 100 yang menjamin keamanan produk Anda. Sangat ideal untuk menjaga kesegaran kopi, snack, atau produk UMKM lainnya. Tampilan profesional untuk meningkatkan nilai jual brand Anda.",opp doff 20 / ALU 7 / LLDPE 100,135 micron,24 cm x 34 cm ,1000.0,gr,White,3.3,2650.0,,False
STP-A-ZIP-16x23-BLK,Standing Pouch Alumunium Zipper Premium 250gr ,Standing Pouch,"Kemasan Standing Pouch Alumunium Zipper Premium 250gr  kualitas premium dari kategori Standing Pouch. Dibuat dengan opp doff 20 / ALU 7 / LLDPE 100 yang menjamin keamanan produk Anda. Sangat ideal untuk menjaga kesegaran kopi, snack, atau produk UMKM lainnya. Tampilan profesional untuk meningkatkan nilai jual brand Anda.",opp doff 20 / ALU 7 / LLDPE 100,135 micron,16 cm x 23 cm ,250.0,gr,Black,2.25,1800.0,,False
STP-A-ZIP-16x23-WHT,Standing Pouch Alumunium Zipper Premium 250gr ,Standing Pouch,"Kemasan Standing Pouch Alumunium Zipper Premium 250gr  kualitas premium dari kategori Standing Pouch. Dibuat dengan opp doff 20 / ALU 7 / LLDPE 100 yang menjamin keamanan produk Anda. Sangat ideal untuk menjaga kesegaran kopi, snack, atau produk UMKM lainnya. Tampilan profesional untuk meningkatkan nilai jual brand Anda.",opp doff 20 / ALU 7 / LLDPE 100,135 micron,16 cm x 23 cm ,250.0,gr,White,2.25,1800.0,,False
STP-A-ZIP-19x27-BLK,Standing Pouch Alumunium Zipper Premium 500gr ,Standing Pouch,"Kemasan Standing Pouch Alumunium Zipper Premium 500gr  kualitas premium dari kategori Standing Pouch. Dibuat dengan opp doff 20 / ALU 7 / LLDPE 100 yang menjamin keamanan produk Anda. Sangat ideal untuk menjaga kesegaran kopi, snack, atau produk UMKM lainnya. Tampilan profesional untuk meningkatkan nilai jual brand Anda.",opp doff 20 / ALU 7 / LLDPE 100,135 micron,19 cm x 27 cm ,500.0,gr,Black,2.875,2300.0,,False
STP-A-ZIP-19x27-WHT,Standing Pouch Alumunium Zipper Premium 500gr ,Standing Pouch,"Kemasan Standing Pouch Alumunium Zipper Premium 500gr  kualitas premium dari kategori Standing Pouch. Dibuat dengan opp doff 20 / ALU 7 / LLDPE 100 yang menjamin keamanan produk Anda. Sangat ideal untuk menjaga kesegaran kopi, snack, atau produk UMKM lainnya. Tampilan profesional untuk meningkatkan nilai jual brand Anda.",opp doff 20 / ALU 7 / LLDPE 100,135 micron,19 cm x 27 cm ,500.0,gr,White,2.875,2300.0,,False
STP-E-ZIP-30x40-KRF,Standing Pouch Eco Zipper Window ,Standing Pouch,"Kemasan Standing Pouch Eco Zipper Window  kualitas premium dari kategori Standing Pouch. Dibuat dengan kraft pe lldpe yang menjamin keamanan produk Anda. Sangat ideal untuk menjaga kesegaran kopi, snack, atau produk UMKM lainnya. Tampilan profesional untuk meningkatkan nilai jual brand Anda.",kraft pe lldpe,150micron,300mm x 400mm,,,Coklat,3.746,3122.0,,False
STP-E-ZIP-23x33-KRF,Standing Pouch Eco Zipper Window ,Standing Pouch,"Kemasan Standing Pouch Eco Zipper Window  kualitas premium dari kategori Standing Pouch. Dibuat dengan kraft pe lldpe yang menjamin keamanan produk Anda. Sangat ideal untuk menjaga kesegaran kopi, snack, atau produk UMKM lainnya. Tampilan profesional untuk meningkatkan nilai jual brand Anda.",kraft pe lldpe,150micron,230mm x 330mm,,,Coklat,1.982,1652.0,,False
STP-E-ZIP-20x30-KRF,Standing Pouch Eco Zipper Window ,Standing Pouch,"Kemasan Standing Pouch Eco Zipper Window  kualitas premium dari kategori Standing Pouch. Dibuat dengan kraft pe lldpe yang menjamin keamanan produk Anda. Sangat ideal untuk menjaga kesegaran kopi, snack, atau produk UMKM lainnya. Tampilan profesional untuk meningkatkan nilai jual brand Anda.",kraft pe lldpe,150micron,200mm x 300mm,,,Coklat,1.466,1222.0,,False
STP-E-ZIP-16x23-KRF,Standing Pouch Eco Zipper Window ,Standing Pouch,"Kemasan Standing Pouch Eco Zipper Window  kualitas premium dari kategori Standing Pouch. Dibuat dengan kraft pe lldpe yang menjamin keamanan produk Anda. Sangat ideal untuk menjaga kesegaran kopi, snack, atau produk UMKM lainnya. Tampilan profesional untuk meningkatkan nilai jual brand Anda.",kraft pe lldpe,150micron,160mm x 230mm,,,Coklat,937.0,781.0,,False
STP-E-ZIP-14x20-KRF,Standing Pouch Eco Zipper Window ,Standing Pouch,"Kemasan Standing Pouch Eco Zipper Window  kualitas premium dari kategori Standing Pouch. Dibuat dengan kraft pe lldpe yang menjamin keamanan produk Anda. Sangat ideal untuk menjaga kesegaran kopi, snack, atau produk UMKM lainnya. Tampilan profesional untuk meningkatkan nilai jual brand Anda.",kraft pe lldpe,150micron,140mm x 200mm,,,Coklat,871.0,726.0,,False
STP-E-ZIP-10x15-KRF,Standing Pouch Eco Zipper Window ,Standing Pouch,"Kemasan Standing Pouch Eco Zipper Window  kualitas premium dari kategori Standing Pouch. Dibuat dengan kraft pe lldpe yang menjamin keamanan produk Anda. Sangat ideal untuk menjaga kesegaran kopi, snack, atau produk UMKM lainnya. Tampilan profesional untuk meningkatkan nilai jual brand Anda.",kraft pe lldpe,150micron,100mm x 150mm,,,Coklat,452.0,377.0,,False
STP-L-ZIP-16x27-TRS,Standing Pouch Liquid,Standing Pouch,"Kemasan Standing Pouch Liquid kualitas premium dari kategori Standing Pouch. Dibuat dengan NYLON 15 / LLDPE 135 yang menjamin keamanan produk Anda. Sangat ideal untuk menjaga kesegaran kopi, snack, atau produk UMKM lainnya. Tampilan profesional untuk meningkatkan nilai jual brand Anda.",NYLON 15 / LLDPE 135,155 Micron,16 cm x 27 cm ,1000.0,ml,Transparent ,1.26,992.0,,False
STP-L-ZIP-22x30-TRS,Standing Pouch Liquid,Standing Pouch,"Kemasan Standing Pouch Liquid kualitas premium dari kategori Standing Pouch. Dibuat dengan PET 12 / NYLON 15 / LLDPE 135  yang menjamin keamanan produk Anda. Sangat ideal untuk menjaga kesegaran kopi, snack, atau produk UMKM lainnya. Tampilan profesional untuk meningkatkan nilai jual brand Anda.",PET 12 / NYLON 15 / LLDPE 135 ,167 Micron ,22 cm x 30 cm ,2000.0,ml,Transparent ,2.23,1856.0,,False
STP-L-ZIP-12x16-TRS,Standing Pouch Liquid,Standing Pouch,"Kemasan Standing Pouch Liquid kualitas premium dari kategori Standing Pouch. Dibuat dengan NYLON 15 / LLDPE 100 yang menjamin keamanan produk Anda. Sangat ideal untuk menjaga kesegaran kopi, snack, atau produk UMKM lainnya. Tampilan profesional untuk meningkatkan nilai jual brand Anda.",NYLON 15 / LLDPE 100,140 Micron,12 cm x 16 cm ,250.0,ml,Transparent ,660.0,550.0,,False
STP-L-ZIP-14x20-TRS,Standing Pouch Liquid,Standing Pouch,"Kemasan Standing Pouch Liquid kualitas premium dari kategori Standing Pouch. Dibuat dengan NYLON 15 / LLDPE 120  yang menjamin keamanan produk Anda. Sangat ideal untuk menjaga kesegaran kopi, snack, atau produk UMKM lainnya. Tampilan profesional untuk meningkatkan nilai jual brand Anda.",NYLON 15 / LLDPE 120 ,140 Micron,14 cm x 20 cm ,500.0,ml,Transparent ,775.0,625.0,,False
STP-K-ZIP-9x15-LTH ,Standing Pouch Paper/Kraft ,Standing Pouch,"Kemasan Standing Pouch Paper/Kraft  kualitas premium dari kategori Standing Pouch. Dibuat dengan LITHO 40 / ALU 7 / LLDPE 60  yang menjamin keamanan produk Anda. Sangat ideal untuk menjaga kesegaran kopi, snack, atau produk UMKM lainnya. Tampilan profesional untuk meningkatkan nilai jual brand Anda.",LITHO 40 / ALU 7 / LLDPE 60 ,115 Micron,9 cm x 15 cm ,,,Litho,585.0,448.0,,False
STP-K-ZIP-24x34-LTH ,Standing Pouch Paper/Kraft ,Standing Pouch,"Kemasan Standing Pouch Paper/Kraft  kualitas premium dari kategori Standing Pouch. Dibuat dengan LITHO 40 / ALU 7 / LLDPE 100 yang menjamin keamanan produk Anda. Sangat ideal untuk menjaga kesegaran kopi, snack, atau produk UMKM lainnya. Tampilan profesional untuk meningkatkan nilai jual brand Anda.",LITHO 40 / ALU 7 / LLDPE 100,115 Micron,24 cm x 34 cm ,,,Litho,2.8,2336.0,,False
STP-K-ZIP-18x29-LTH ,Standing Pouch Paper/Kraft ,Standing Pouch,"Kemasan Standing Pouch Paper/Kraft  kualitas premium dari kategori Standing Pouch. Dibuat dengan LITHO 40 / ALU 7 / LLDPE 90 yang menjamin keamanan produk Anda. Sangat ideal untuk menjaga kesegaran kopi, snack, atau produk UMKM lainnya. Tampilan profesional untuk meningkatkan nilai jual brand Anda.",LITHO 40 / ALU 7 / LLDPE 90,145 Micron ,18 cm x 29 cm ,,,Litho,1.88,1568.0,,False
STP-K-ZIP-14x23-LTH ,Standing Pouch Paper/Kraft ,Standing Pouch,"Kemasan Standing Pouch Paper/Kraft  kualitas premium dari kategori Standing Pouch. Dibuat dengan LITHO 40 / ALU 7 / LLDPE 80 yang menjamin keamanan produk Anda. Sangat ideal untuk menjaga kesegaran kopi, snack, atau produk UMKM lainnya. Tampilan profesional untuk meningkatkan nilai jual brand Anda.",LITHO 40 / ALU 7 / LLDPE 80,135 Micron,14 cm x 23 cm ,,,Litho,1.115,928.0,,False
STP-K-ZIP-13x20.5-LTH,Standing Pouch Paper/Kraft ,Standing Pouch,"Kemasan Standing Pouch Paper/Kraft  kualitas premium dari kategori Standing Pouch. Dibuat dengan LITHO 40 / ALU 7 / LLDPE 70 yang menjamin keamanan produk Anda. Sangat ideal untuk menjaga kesegaran kopi, snack, atau produk UMKM lainnya. Tampilan profesional untuk meningkatkan nilai jual brand Anda.",LITHO 40 / ALU 7 / LLDPE 70,125 Micron,13 cm x 20.5 cm ,,,Litho,1.04,864.0,,False
STP-M-ZIP-20x30-BLK,Standing Pouch Window,Standing Pouch,"Kemasan Standing Pouch Window kualitas premium dari kategori Standing Pouch. Dibuat dengan pet 12 / vmpet 12 / lldpe 80 yang menjamin keamanan produk Anda. Sangat ideal untuk menjaga kesegaran kopi, snack, atau produk UMKM lainnya. Tampilan profesional untuk meningkatkan nilai jual brand Anda.",pet 12 / vmpet 12 / lldpe 80,110 micron,200mm x 300mm,,,Black ,1.45,1140.0,,False
STP-M-ZIP-20x30-WHT,Standing Pouch Window,Standing Pouch,"Kemasan Standing Pouch Window kualitas premium dari kategori Standing Pouch. Dibuat dengan pet 12 / vmpet 12 / lldpe 80 yang menjamin keamanan produk Anda. Sangat ideal untuk menjaga kesegaran kopi, snack, atau produk UMKM lainnya. Tampilan profesional untuk meningkatkan nilai jual brand Anda.",pet 12 / vmpet 12 / lldpe 80,110 micron,200mm x 300mm,,,White,1.45,1140.0,,False
STP-M-ZIP-20x30-GRN,Standing Pouch Window,Standing Pouch,"Kemasan Standing Pouch Window kualitas premium dari kategori Standing Pouch. Dibuat dengan pet 12 / vmpet 12 / lldpe 80 yang menjamin keamanan produk Anda. Sangat ideal untuk menjaga kesegaran kopi, snack, atau produk UMKM lainnya. Tampilan profesional untuk meningkatkan nilai jual brand Anda.",pet 12 / vmpet 12 / lldpe 80,110 micron,200mm x 300mm,,,Green,1.45,1140.0,,False
STP-M-ZIP-20x30-RED,Standing Pouch Window,Standing Pouch,"Kemasan Standing Pouch Window kualitas premium dari kategori Standing Pouch. Dibuat dengan pet 12 / vmpet 12 / lldpe 80 yang menjamin keamanan produk Anda. Sangat ideal untuk menjaga kesegaran kopi, snack, atau produk UMKM lainnya. Tampilan profesional untuk meningkatkan nilai jual brand Anda.",pet 12 / vmpet 12 / lldpe 80,110 micron,200mm x 300mm,,,Red,1.45,1140.0,,False
STP-M-ZIP-20x30-GLD,Standing Pouch Window,Standing Pouch,"Kemasan Standing Pouch Window kualitas premium dari kategori Standing Pouch. Dibuat dengan pet 12 / vmpet 12 / lldpe 80 yang menjamin keamanan produk Anda. Sangat ideal untuk menjaga kesegaran kopi, snack, atau produk UMKM lainnya. Tampilan profesional untuk meningkatkan nilai jual brand Anda.",pet 12 / vmpet 12 / lldpe 80,110 micron,200mm x 300mm,,,Gold ,1.45,1140.0,,False
STP-M-ZIP-20x30-BLU,Standing Pouch Window,Standing Pouch,"Kemasan Standing Pouch Window kualitas premium dari kategori Standing Pouch. Dibuat dengan pet 12 / vmpet 12 / lldpe 80 yang menjamin keamanan produk Anda. Sangat ideal untuk menjaga kesegaran kopi, snack, atau produk UMKM lainnya. Tampilan profesional untuk meningkatkan nilai jual brand Anda.",pet 12 / vmpet 12 / lldpe 80,110 micron,200mm x 300mm,,,Blue,1.45,1140.0,,False
STP-M-ZIP-20x30-PRP,Standing Pouch Window,Standing Pouch,"Kemasan Standing Pouch Window kualitas premium dari kategori Standing Pouch. Dibuat dengan pet 12 / vmpet 12 / lldpe 80 yang menjamin keamanan produk Anda. Sangat ideal untuk menjaga kesegaran kopi, snack, atau produk UMKM lainnya. Tampilan profesional untuk meningkatkan nilai jual brand Anda.",pet 12 / vmpet 12 / lldpe 80,110 micron,200mm x 300mm,,,Purple,1.45,1140.0,,False
STP-M-ZIP-16x24-BLK,Standing Pouch Window,Standing Pouch,"Kemasan Standing Pouch Window kualitas premium dari kategori Standing Pouch. Dibuat dengan pet 12 / vmpet 12 / lldpe 80 yang menjamin keamanan produk Anda. Sangat ideal untuk menjaga kesegaran kopi, snack, atau produk UMKM lainnya. Tampilan profesional untuk meningkatkan nilai jual brand Anda.",pet 12 / vmpet 12 / lldpe 80,110 micron,160mm x 240mm,,,Black ,990.0,911.0,,False
STP-M-ZIP-16x24-WHT,Standing Pouch Window,Standing Pouch,"Kemasan Standing Pouch Window kualitas premium dari kategori Standing Pouch. Dibuat dengan pet 12 / vmpet 12 / lldpe 80 yang menjamin keamanan produk Anda. Sangat ideal untuk menjaga kesegaran kopi, snack, atau produk UMKM lainnya. Tampilan profesional untuk meningkatkan nilai jual brand Anda.",pet 12 / vmpet 12 / lldpe 80,110 micron,160mm x 240mm,,,White,990.0,911.0,,False
STP-M-ZIP-16x24-GRN,Standing Pouch Window,Standing Pouch,"Kemasan Standing Pouch Window kualitas premium dari kategori Standing Pouch. Dibuat dengan pet 12 / vmpet 12 / lldpe 80 yang menjamin keamanan produk Anda. Sangat ideal untuk menjaga kesegaran kopi, snack, atau produk UMKM lainnya. Tampilan profesional untuk meningkatkan nilai jual brand Anda.",pet 12 / vmpet 12 / lldpe 80,110 micron,160mm x 240mm,,,Green,990.0,911.0,,False
STP-M-ZIP-16x24-RED,Standing Pouch Window,Standing Pouch,"Kemasan Standing Pouch Window kualitas premium dari kategori Standing Pouch. Dibuat dengan pet 12 / vmpet 12 / lldpe 80 yang menjamin keamanan produk Anda. Sangat ideal untuk menjaga kesegaran kopi, snack, atau produk UMKM lainnya. Tampilan profesional untuk meningkatkan nilai jual brand Anda.",pet 12 / vmpet 12 / lldpe 80,110 micron,160mm x 240mm,,,Red,990.0,911.0,,False
STP-M-ZIP-16x24-GLD,Standing Pouch Window,Standing Pouch,"Kemasan Standing Pouch Window kualitas premium dari kategori Standing Pouch. Dibuat dengan pet 12 / vmpet 12 / lldpe 80 yang menjamin keamanan produk Anda. Sangat ideal untuk menjaga kesegaran kopi, snack, atau produk UMKM lainnya. Tampilan profesional untuk meningkatkan nilai jual brand Anda.",pet 12 / vmpet 12 / lldpe 80,110 micron,160mm x 240mm,,,Gold ,990.0,911.0,,False
STP-M-ZIP-16x24-BLU,Standing Pouch Window,Standing Pouch,"Kemasan Standing Pouch Window kualitas premium dari kategori Standing Pouch. Dibuat dengan pet 12 / vmpet 12 / lldpe 80 yang menjamin keamanan produk Anda. Sangat ideal untuk menjaga kesegaran kopi, snack, atau produk UMKM lainnya. Tampilan profesional untuk meningkatkan nilai jual brand Anda.",pet 12 / vmpet 12 / lldpe 80,110 micron,160mm x 240mm,,,Blue,990.0,911.0,,False
STP-M-ZIP-16x24-PRP,Standing Pouch Window,Standing Pouch,"Kemasan Standing Pouch Window kualitas premium dari kategori Standing Pouch. Dibuat dengan pet 12 / vmpet 12 / lldpe 80 yang menjamin keamanan produk Anda. Sangat ideal untuk menjaga kesegaran kopi, snack, atau produk UMKM lainnya. Tampilan profesional untuk meningkatkan nilai jual brand Anda.",pet 12 / vmpet 12 / lldpe 80,110 micron,160mm x 240mm,,,Purple,990.0,911.0,,False
STP-M-ZIP-15x22-BLK,Standing Pouch Window,Standing Pouch,"Kemasan Standing Pouch Window kualitas premium dari kategori Standing Pouch. Dibuat dengan pet 12 / vmpet 12 / lldpe 80 yang menjamin keamanan produk Anda. Sangat ideal untuk menjaga kesegaran kopi, snack, atau produk UMKM lainnya. Tampilan profesional untuk meningkatkan nilai jual brand Anda.",pet 12 / vmpet 12 / lldpe 80,110 micron,150mm x 220mm,,,Black ,870.0,656.0,,False
STP-M-ZIP-15x22-WHT,Standing Pouch Window,Standing Pouch,"Kemasan Standing Pouch Window kualitas premium dari kategori Standing Pouch. Dibuat dengan pet 12 / vmpet 12 / lldpe 80 yang menjamin keamanan produk Anda. Sangat ideal untuk menjaga kesegaran kopi, snack, atau produk UMKM lainnya. Tampilan profesional untuk meningkatkan nilai jual brand Anda.",pet 12 / vmpet 12 / lldpe 80,110 micron,150mm x 220mm,,,White,870.0,656.0,,False
STP-M-ZIP-15x22-GRN,Standing Pouch Window,Standing Pouch,"Kemasan Standing Pouch Window kualitas premium dari kategori Standing Pouch. Dibuat dengan pet 12 / vmpet 12 / lldpe 80 yang menjamin keamanan produk Anda. Sangat ideal untuk menjaga kesegaran kopi, snack, atau produk UMKM lainnya. Tampilan profesional untuk meningkatkan nilai jual brand Anda.",pet 12 / vmpet 12 / lldpe 80,110 micron,150mm x 220mm,,,Green,870.0,656.0,,False
STP-M-ZIP-15x22-RED,Standing Pouch Window,Standing Pouch,"Kemasan Standing Pouch Window kualitas premium dari kategori Standing Pouch. Dibuat dengan pet 12 / vmpet 12 / lldpe 80 yang menjamin keamanan produk Anda. Sangat ideal untuk menjaga kesegaran kopi, snack, atau produk UMKM lainnya. Tampilan profesional untuk meningkatkan nilai jual brand Anda.",pet 12 / vmpet 12 / lldpe 80,110 micron,150mm x 220mm,,,Red,870.0,656.0,,False
STP-M-ZIP-15x22-GLD,Standing Pouch Window,Standing Pouch,"Kemasan Standing Pouch Window kualitas premium dari kategori Standing Pouch. Dibuat dengan pet 12 / vmpet 12 / lldpe 80 yang menjamin keamanan produk Anda. Sangat ideal untuk menjaga kesegaran kopi, snack, atau produk UMKM lainnya. Tampilan profesional untuk meningkatkan nilai jual brand Anda.",pet 12 / vmpet 12 / lldpe 80,110 micron,150mm x 220mm,,,Gold ,870.0,656.0,,False
STP-M-ZIP-15x22-BLU,Standing Pouch Window,Standing Pouch,"Kemasan Standing Pouch Window kualitas premium dari kategori Standing Pouch. Dibuat dengan pet 12 / vmpet 12 / lldpe 80 yang menjamin keamanan produk Anda. Sangat ideal untuk menjaga kesegaran kopi, snack, atau produk UMKM lainnya. Tampilan profesional untuk meningkatkan nilai jual brand Anda.",pet 12 / vmpet 12 / lldpe 80,110 micron,150mm x 220mm,,,Blue,870.0,656.0,,False
STP-M-ZIP-15x22-PRP,Standing Pouch Window,Standing Pouch,"Kemasan Standing Pouch Window kualitas premium dari kategori Standing Pouch. Dibuat dengan pet 12 / vmpet 12 / lldpe 80 yang menjamin keamanan produk Anda. Sangat ideal untuk menjaga kesegaran kopi, snack, atau produk UMKM lainnya. Tampilan profesional untuk meningkatkan nilai jual brand Anda.",pet 12 / vmpet 12 / lldpe 80,110 micron,150mm x 220mm,,,Purple,870.0,656.0,,False
STP-M-ZIP-14x20-BLK,Standing Pouch Window,Standing Pouch,"Kemasan Standing Pouch Window kualitas premium dari kategori Standing Pouch. Dibuat dengan pet 12 / vmpet 12 / lldpe 80 yang menjamin keamanan produk Anda. Sangat ideal untuk menjaga kesegaran kopi, snack, atau produk UMKM lainnya. Tampilan profesional untuk meningkatkan nilai jual brand Anda.",pet 12 / vmpet 12 / lldpe 80,110 micron,140mm x 200mm,,,Black ,840.0,586.0,,False
STP-M-ZIP-14x20-WHT,Standing Pouch Window,Standing Pouch,"Kemasan Standing Pouch Window kualitas premium dari kategori Standing Pouch. Dibuat dengan pet 12 / vmpet 12 / lldpe 80 yang menjamin keamanan produk Anda. Sangat ideal untuk menjaga kesegaran kopi, snack, atau produk UMKM lainnya. Tampilan profesional untuk meningkatkan nilai jual brand Anda.",pet 12 / vmpet 12 / lldpe 80,110 micron,140mm x 200mm,,,White,840.0,586.0,,False
STP-M-ZIP-14x20-GRN,Standing Pouch Window,Standing Pouch,"Kemasan Standing Pouch Window kualitas premium dari kategori Standing Pouch. Dibuat dengan pet 12 / vmpet 12 / lldpe 80 yang menjamin keamanan produk Anda. Sangat ideal untuk menjaga kesegaran kopi, snack, atau produk UMKM lainnya. Tampilan profesional untuk meningkatkan nilai jual brand Anda.",pet 12 / vmpet 12 / lldpe 80,110 micron,140mm x 200mm,,,Green,840.0,586.0,,False
STP-M-ZIP-14x20-RED,Standing Pouch Window,Standing Pouch,"Kemasan Standing Pouch Window kualitas premium dari kategori Standing Pouch. Dibuat dengan pet 12 / vmpet 12 / lldpe 80 yang menjamin keamanan produk Anda. Sangat ideal untuk menjaga kesegaran kopi, snack, atau produk UMKM lainnya. Tampilan profesional untuk meningkatkan nilai jual brand Anda.",pet 12 / vmpet 12 / lldpe 80,110 micron,140mm x 200mm,,,Red,840.0,586.0,,False
STP-M-ZIP-14x20-GLD,Standing Pouch Window,Standing Pouch,"Kemasan Standing Pouch Window kualitas premium dari kategori Standing Pouch. Dibuat dengan pet 12 / vmpet 12 / lldpe 80 yang menjamin keamanan produk Anda. Sangat ideal untuk menjaga kesegaran kopi, snack, atau produk UMKM lainnya. Tampilan profesional untuk meningkatkan nilai jual brand Anda.",pet 12 / vmpet 12 / lldpe 80,110 micron,140mm x 200mm,,,Gold ,840.0,586.0,,False
STP-M-ZIP-14x20-BLU,Standing Pouch Window,Standing Pouch,"Kemasan Standing Pouch Window kualitas premium dari kategori Standing Pouch. Dibuat dengan pet 12 / vmpet 12 / lldpe 80 yang menjamin keamanan produk Anda. Sangat ideal untuk menjaga kesegaran kopi, snack, atau produk UMKM lainnya. Tampilan profesional untuk meningkatkan nilai jual brand Anda.",pet 12 / vmpet 12 / lldpe 80,110 micron,140mm x 200mm,,,Blue,840.0,586.0,,False
STP-M-ZIP-14x20-PRP,Standing Pouch Window,Standing Pouch,"Kemasan Standing Pouch Window kualitas premium dari kategori Standing Pouch. Dibuat dengan pet 12 / vmpet 12 / lldpe 80 yang menjamin keamanan produk Anda. Sangat ideal untuk menjaga kesegaran kopi, snack, atau produk UMKM lainnya. Tampilan profesional untuk meningkatkan nilai jual brand Anda.",pet 12 / vmpet 12 / lldpe 80,110 micron,140mm x 200mm,,,Purple,840.0,586.0,,False
STP-M-ZIP-12x20-BLK,Standing Pouch Window,Standing Pouch,"Kemasan Standing Pouch Window kualitas premium dari kategori Standing Pouch. Dibuat dengan pet 12 / vmpet 12 / lldpe 80 yang menjamin keamanan produk Anda. Sangat ideal untuk menjaga kesegaran kopi, snack, atau produk UMKM lainnya. Tampilan profesional untuk meningkatkan nilai jual brand Anda.",pet 12 / vmpet 12 / lldpe 80,110 micron,120mm x 200mm,,,Black ,700.0,500.0,,False
STP-M-ZIP-12x20-WHT,Standing Pouch Window,Standing Pouch,"Kemasan Standing Pouch Window kualitas premium dari kategori Standing Pouch. Dibuat dengan pet 12 / vmpet 12 / lldpe 80 yang menjamin keamanan produk Anda. Sangat ideal untuk menjaga kesegaran kopi, snack, atau produk UMKM lainnya. Tampilan profesional untuk meningkatkan nilai jual brand Anda.",pet 12 / vmpet 12 / lldpe 80,110 micron,120mm x 200mm,,,White,700.0,500.0,,False
STP-M-ZIP-12x20-GRN,Standing Pouch Window,Standing Pouch,"Kemasan Standing Pouch Window kualitas premium dari kategori Standing Pouch. Dibuat dengan pet 12 / vmpet 12 / lldpe 80 yang menjamin keamanan produk Anda. Sangat ideal untuk menjaga kesegaran kopi, snack, atau produk UMKM lainnya. Tampilan profesional untuk meningkatkan nilai jual brand Anda.",pet 12 / vmpet 12 / lldpe 80,110 micron,120mm x 200mm,,,Green,700.0,500.0,,False
STP-M-ZIP-12x20-RED,Standing Pouch Window,Standing Pouch,"Kemasan Standing Pouch Window kualitas premium dari kategori Standing Pouch. Dibuat dengan pet 12 / vmpet 12 / lldpe 80 yang menjamin keamanan produk Anda. Sangat ideal untuk menjaga kesegaran kopi, snack, atau produk UMKM lainnya. Tampilan profesional untuk meningkatkan nilai jual brand Anda.",pet 12 / vmpet 12 / lldpe 80,110 micron,120mm x 200mm,,,Red,700.0,500.0,,False
STP-M-ZIP-12x20-GLD,Standing Pouch Window,Standing Pouch,"Kemasan Standing Pouch Window kualitas premium dari kategori Standing Pouch. Dibuat dengan pet 12 / vmpet 12 / lldpe 80 yang menjamin keamanan produk Anda. Sangat ideal untuk menjaga kesegaran kopi, snack, atau produk UMKM lainnya. Tampilan profesional untuk meningkatkan nilai jual brand Anda.",pet 12 / vmpet 12 / lldpe 80,110 micron,120mm x 200mm,,,Gold ,700.0,500.0,,False
STP-M-ZIP-12x20-BLU,Standing Pouch Window,Standing Pouch,"Kemasan Standing Pouch Window kualitas premium dari kategori Standing Pouch. Dibuat dengan pet 12 / vmpet 12 / lldpe 80 yang menjamin keamanan produk Anda. Sangat ideal untuk menjaga kesegaran kopi, snack, atau produk UMKM lainnya. Tampilan profesional untuk meningkatkan nilai jual brand Anda.",pet 12 / vmpet 12 / lldpe 80,110 micron,120mm x 200mm,,,Blue,700.0,500.0,,False
STP-M-ZIP-12x20-PRP,Standing Pouch Window,Standing Pouch,"Kemasan Standing Pouch Window kualitas premium dari kategori Standing Pouch. Dibuat dengan pet 12 / vmpet 12 / lldpe 80 yang menjamin keamanan produk Anda. Sangat ideal untuk menjaga kesegaran kopi, snack, atau produk UMKM lainnya. Tampilan profesional untuk meningkatkan nilai jual brand Anda.",pet 12 / vmpet 12 / lldpe 80,110 micron,120mm x 200mm,,,Purple,700.0,500.0,,False
STP-M-ZIP-10x15-BLK,Standing Pouch Window,Standing Pouch,"Kemasan Standing Pouch Window kualitas premium dari kategori Standing Pouch. Dibuat dengan pet 12 / vmpet 12 / lldpe 80 yang menjamin keamanan produk Anda. Sangat ideal untuk menjaga kesegaran kopi, snack, atau produk UMKM lainnya. Tampilan profesional untuk meningkatkan nilai jual brand Anda.",pet 12 / vmpet 12 / lldpe 80,110 micron,100mm x 150mm,,,Black ,560.0,360.0,,False
STP-M-ZIP-10x15-WHT,Standing Pouch Window,Standing Pouch,"Kemasan Standing Pouch Window kualitas premium dari kategori Standing Pouch. Dibuat dengan pet 12 / vmpet 12 / lldpe 80 yang menjamin keamanan produk Anda. Sangat ideal untuk menjaga kesegaran kopi, snack, atau produk UMKM lainnya. Tampilan profesional untuk meningkatkan nilai jual brand Anda.",pet 12 / vmpet 12 / lldpe 80,110 micron,100mm x 150mm,,,White,560.0,360.0,,False
STP-M-ZIP-10x15-GRN,Standing Pouch Window,Standing Pouch,"Kemasan Standing Pouch Window kualitas premium dari kategori Standing Pouch. Dibuat dengan pet 12 / vmpet 12 / lldpe 80 yang menjamin keamanan produk Anda. Sangat ideal untuk menjaga kesegaran kopi, snack, atau produk UMKM lainnya. Tampilan profesional untuk meningkatkan nilai jual brand Anda.",pet 12 / vmpet 12 / lldpe 80,110 micron,100mm x 150mm,,,Green,560.0,360.0,,False
STP-M-ZIP-10x15-RED,Standing Pouch Window,Standing Pouch,"Kemasan Standing Pouch Window kualitas premium dari kategori Standing Pouch. Dibuat dengan pet 12 / vmpet 12 / lldpe 80 yang menjamin keamanan produk Anda. Sangat ideal untuk menjaga kesegaran kopi, snack, atau produk UMKM lainnya. Tampilan profesional untuk meningkatkan nilai jual brand Anda.",pet 12 / vmpet 12 / lldpe 80,110 micron,100mm x 150mm,,,Red,560.0,360.0,,False
STP-M-ZIP-10x15-GLD,Standing Pouch Window,Standing Pouch,"Kemasan Standing Pouch Window kualitas premium dari kategori Standing Pouch. Dibuat dengan pet 12 / vmpet 12 / lldpe 80 yang menjamin keamanan produk Anda. Sangat ideal untuk menjaga kesegaran kopi, snack, atau produk UMKM lainnya. Tampilan profesional untuk meningkatkan nilai jual brand Anda.",pet 12 / vmpet 12 / lldpe 80,110 micron,100mm x 150mm,,,Gold ,560.0,360.0,,False
STP-M-ZIP-10x15-BLU,Standing Pouch Window,Standing Pouch,"Kemasan Standing Pouch Window kualitas premium dari kategori Standing Pouch. Dibuat dengan pet 12 / vmpet 12 / lldpe 80 yang menjamin keamanan produk Anda. Sangat ideal untuk menjaga kesegaran kopi, snack, atau produk UMKM lainnya. Tampilan profesional untuk meningkatkan nilai jual brand Anda.",pet 12 / vmpet 12 / lldpe 80,110 micron,100mm x 150mm,,,Blue,560.0,360.0,,False
STP-M-ZIP-10x15-PRP,Standing Pouch Window,Standing Pouch,"Kemasan Standing Pouch Window kualitas premium dari kategori Standing Pouch. Dibuat dengan pet 12 / vmpet 12 / lldpe 80 yang menjamin keamanan produk Anda. Sangat ideal untuk menjaga kesegaran kopi, snack, atau produk UMKM lainnya. Tampilan profesional untuk meningkatkan nilai jual brand Anda.",pet 12 / vmpet 12 / lldpe 80,110 micron,100mm x 150mm,,,Purple,560.0,360.0,,False
STP-L-ZIP-10x15-TRS,Standing Pouch Zipper Lightpack,Standing Pouch,"Kemasan Standing Pouch Zipper Lightpack kualitas premium dari kategori Standing Pouch. Dibuat dengan pet 12 / lldpe 60 yang menjamin keamanan produk Anda. Sangat ideal untuk menjaga kesegaran kopi, snack, atau produk UMKM lainnya. Tampilan profesional untuk meningkatkan nilai jual brand Anda.",pet 12 / lldpe 60,75 micron,100mm x 150mm,,,Transparent,342.0,285.0,,False
STP-L-ZIP-22x32-TRS,Standing Pouch Zipper Lightpack ,Standing Pouch,"Kemasan Standing Pouch Zipper Lightpack  kualitas premium dari kategori Standing Pouch. Dibuat dengan pet 12 / lldpe 60 yang menjamin keamanan produk Anda. Sangat ideal untuk menjaga kesegaran kopi, snack, atau produk UMKM lainnya. Tampilan profesional untuk meningkatkan nilai jual brand Anda.",pet 12 / lldpe 60,75 micron,220mm x 320mm,,,Transparent,1.22,1017.0,,False
STP-L-ZIP-20x30-TRS,Standing Pouch Zipper Lightpack ,Standing Pouch,"Kemasan Standing Pouch Zipper Lightpack  kualitas premium dari kategori Standing Pouch. Dibuat dengan pet 12 / lldpe 60 yang menjamin keamanan produk Anda. Sangat ideal untuk menjaga kesegaran kopi, snack, atau produk UMKM lainnya. Tampilan profesional untuk meningkatkan nilai jual brand Anda.",pet 12 / lldpe 60,75 micron,200mm x 300mm,,,Transparent,983.0,819.0,,False
STP-L-ZIP-16x24-TRS,Standing Pouch Zipper Lightpack ,Standing Pouch,"Kemasan Standing Pouch Zipper Lightpack  kualitas premium dari kategori Standing Pouch. Dibuat dengan pet 12 / lldpe 60 yang menjamin keamanan produk Anda. Sangat ideal untuk menjaga kesegaran kopi, snack, atau produk UMKM lainnya. Tampilan profesional untuk meningkatkan nilai jual brand Anda.",pet 12 / lldpe 60,75 micron,160mm x 240mm,,,Transparent,899.0,749.0,,False
STP-L-ZIP-15x22-TRS,Standing Pouch Zipper Lightpack ,Standing Pouch,"Kemasan Standing Pouch Zipper Lightpack  kualitas premium dari kategori Standing Pouch. Dibuat dengan pet 12 / lldpe 60 yang menjamin keamanan produk Anda. Sangat ideal untuk menjaga kesegaran kopi, snack, atau produk UMKM lainnya. Tampilan profesional untuk meningkatkan nilai jual brand Anda.",pet 12 / lldpe 60,75 micron,150mm x 220mm,,,Transparent,630.0,525.0,,False
STP-L-ZIP-14x20-TRS,Standing Pouch Zipper Lightpack ,Standing Pouch,"Kemasan Standing Pouch Zipper Lightpack  kualitas premium dari kategori Standing Pouch. Dibuat dengan pet 12 / lldpe 60 yang menjamin keamanan produk Anda. Sangat ideal untuk menjaga kesegaran kopi, snack, atau produk UMKM lainnya. Tampilan profesional untuk meningkatkan nilai jual brand Anda.",pet 12 / lldpe 60,75 micron,140mm x 200mm,,,Transparent,553.0,461.0,,False
STP-L-ZIP-12x20-TRS,Standing Pouch Zipper Lightpack ,Standing Pouch,"Kemasan Standing Pouch Zipper Lightpack  kualitas premium dari kategori Standing Pouch. Dibuat dengan pet 12 / lldpe 60 yang menjamin keamanan produk Anda. Sangat ideal untuk menjaga kesegaran kopi, snack, atau produk UMKM lainnya. Tampilan profesional untuk meningkatkan nilai jual brand Anda.",pet 12 / lldpe 60,75 micron,120mm x 200mm,,,Transparent,,,,False
VCM-N-EMB-7x12-NYL,Vacuum Pack Embossed,Vacuum Pack,"Kemasan Vacuum Pack Embossed kualitas premium dari kategori Vacuum Pack. Dibuat dengan Sisi Polos 90 micron, Sisi Bintik 190 micron yang menjamin keamanan produk Anda. Sangat ideal untuk menjaga kesegaran kopi, snack, atau produk UMKM lainnya. Tampilan profesional untuk meningkatkan nilai jual brand Anda.","Sisi Polos 90 micron, Sisi Bintik 190 micron",280 micron,70mm x 120mm,,,Transparent ,155.0,110.0,,False
VCM-N-EMB-7x10-NYL,Vacuum Pack Embossed,Vacuum Pack,"Kemasan Vacuum Pack Embossed kualitas premium dari kategori Vacuum Pack. Dibuat dengan Sisi Polos 90 micron, Sisi Bintik 190 micron yang menjamin keamanan produk Anda. Sangat ideal untuk menjaga kesegaran kopi, snack, atau produk UMKM lainnya. Tampilan profesional untuk meningkatkan nilai jual brand Anda.","Sisi Polos 90 micron, Sisi Bintik 190 micron",280 micron,70mm x 100mm,,,Transparent ,175.0,,,False
VCM-N-EMB-30x40-NYL,Vacuum Pack Embossed,Vacuum Pack,"Kemasan Vacuum Pack Embossed kualitas premium dari kategori Vacuum Pack. Dibuat dengan Sisi Polos 90 micron, Sisi Bintik 190 micron yang menjamin keamanan produk Anda. Sangat ideal untuk menjaga kesegaran kopi, snack, atau produk UMKM lainnya. Tampilan profesional untuk meningkatkan nilai jual brand Anda.","Sisi Polos 90 micron, Sisi Bintik 190 micron",280 micron,300mm x 400mm,,,Transparent ,2.1,1.53,,False
VCM-N-EMB-28x35-NYL,Vacuum Pack Embossed,Vacuum Pack,"Kemasan Vacuum Pack Embossed kualitas premium dari kategori Vacuum Pack. Dibuat dengan Sisi Polos 90 micron, Sisi Bintik 190 micron yang menjamin keamanan produk Anda. Sangat ideal untuk menjaga kesegaran kopi, snack, atau produk UMKM lainnya. Tampilan profesional untuk meningkatkan nilai jual brand Anda.","Sisi Polos 90 micron, Sisi Bintik 190 micron",280 micron,280mm x 350mm,,,Transparent ,1.725,1225.0,,False
VCM-N-EMB-20x30-NYL,Vacuum Pack Embossed,Vacuum Pack,"Kemasan Vacuum Pack Embossed kualitas premium dari kategori Vacuum Pack. Dibuat dengan Sisi Polos 90 micron, Sisi Bintik 190 micron yang menjamin keamanan produk Anda. Sangat ideal untuk menjaga kesegaran kopi, snack, atau produk UMKM lainnya. Tampilan profesional untuk meningkatkan nilai jual brand Anda.","Sisi Polos 90 micron, Sisi Bintik 190 micron",280 micron,200mm x 300mm,,,Transparent ,1.122,740.0,,False
VCM-N-EMB-20x25-NYL,Vacuum Pack Embossed,Vacuum Pack,"Kemasan Vacuum Pack Embossed kualitas premium dari kategori Vacuum Pack. Dibuat dengan Sisi Polos 90 micron, Sisi Bintik 190 micron yang menjamin keamanan produk Anda. Sangat ideal untuk menjaga kesegaran kopi, snack, atau produk UMKM lainnya. Tampilan profesional untuk meningkatkan nilai jual brand Anda.","Sisi Polos 90 micron, Sisi Bintik 190 micron",280 micron,200mm x 250mm,,,Transparent ,885.0,645.0,,False
VCM-N-EMB-17x25-NYL,Vacuum Pack Embossed,Vacuum Pack,"Kemasan Vacuum Pack Embossed kualitas premium dari kategori Vacuum Pack. Dibuat dengan Sisi Polos 90 micron, Sisi Bintik 190 micron yang menjamin keamanan produk Anda. Sangat ideal untuk menjaga kesegaran kopi, snack, atau produk UMKM lainnya. Tampilan profesional untuk meningkatkan nilai jual brand Anda.","Sisi Polos 90 micron, Sisi Bintik 190 micron",280 micron,170mm x 250mm,,,Transparent ,745.0,545.0,,False
VCM-N-EMB-15x25-NYL,Vacuum Pack Embossed,Vacuum Pack,"Kemasan Vacuum Pack Embossed kualitas premium dari kategori Vacuum Pack. Dibuat dengan Sisi Polos 90 micron, Sisi Bintik 190 micron yang menjamin keamanan produk Anda. Sangat ideal untuk menjaga kesegaran kopi, snack, atau produk UMKM lainnya. Tampilan profesional untuk meningkatkan nilai jual brand Anda.","Sisi Polos 90 micron, Sisi Bintik 190 micron",280 micron,150mm x 250mm,,,Transparent ,670.0,475.0,,False
VCM-N-EMB-15x20-NYL,Vacuum Pack Embossed,Vacuum Pack,"Kemasan Vacuum Pack Embossed kualitas premium dari kategori Vacuum Pack. Dibuat dengan Sisi Polos 90 micron, Sisi Bintik 190 micron yang menjamin keamanan produk Anda. Sangat ideal untuk menjaga kesegaran kopi, snack, atau produk UMKM lainnya. Tampilan profesional untuk meningkatkan nilai jual brand Anda.","Sisi Polos 90 micron, Sisi Bintik 190 micron",280 micron,150mm x 200mm,,,Transparent ,495.0,375.0,,False
VCM-N-EMB-13x18-NYL,Vacuum Pack Embossed,Vacuum Pack,"Kemasan Vacuum Pack Embossed kualitas premium dari kategori Vacuum Pack. Dibuat dengan Sisi Polos 90 micron, Sisi Bintik 190 micron yang menjamin keamanan produk Anda. Sangat ideal untuk menjaga kesegaran kopi, snack, atau produk UMKM lainnya. Tampilan profesional untuk meningkatkan nilai jual brand Anda.","Sisi Polos 90 micron, Sisi Bintik 190 micron",280 micron,130mm x 180mm,,,Transparent ,460.0,295.0,,False
VCM-N-EMB-12x20-NYL,Vacuum Pack Embossed,Vacuum Pack,"Kemasan Vacuum Pack Embossed kualitas premium dari kategori Vacuum Pack. Dibuat dengan Sisi Polos 90 micron, Sisi Bintik 190 micron yang menjamin keamanan produk Anda. Sangat ideal untuk menjaga kesegaran kopi, snack, atau produk UMKM lainnya. Tampilan profesional untuk meningkatkan nilai jual brand Anda.","Sisi Polos 90 micron, Sisi Bintik 190 micron",280 micron,120mm x 200mm,,,Transparent ,445.0,305.0,,False
VCM-N-EMB-12x17-NYL,Vacuum Pack Embossed,Vacuum Pack,"Kemasan Vacuum Pack Embossed kualitas premium dari kategori Vacuum Pack. Dibuat dengan Sisi Polos 90 micron, Sisi Bintik 190 micron yang menjamin keamanan produk Anda. Sangat ideal untuk menjaga kesegaran kopi, snack, atau produk UMKM lainnya. Tampilan profesional untuk meningkatkan nilai jual brand Anda.","Sisi Polos 90 micron, Sisi Bintik 190 micron",280 micron,120mm x 170mm,,,Transparent ,435.0,323.0,,False
VCM-N-EMB-11x16-NYL,Vacuum Pack Embossed,Vacuum Pack,"Kemasan Vacuum Pack Embossed kualitas premium dari kategori Vacuum Pack. Dibuat dengan Sisi Polos 90 micron, Sisi Bintik 190 micron yang menjamin keamanan produk Anda. Sangat ideal untuk menjaga kesegaran kopi, snack, atau produk UMKM lainnya. Tampilan profesional untuk meningkatkan nilai jual brand Anda.","Sisi Polos 90 micron, Sisi Bintik 190 micron",280 micron,110mm x 160mm,,,Transparent ,370.0,277.0,,False
VCM-N-EMB-10x15-NYL,Vacuum Pack Embossed,Vacuum Pack,"Kemasan Vacuum Pack Embossed kualitas premium dari kategori Vacuum Pack. Dibuat dengan Sisi Polos 90 micron, Sisi Bintik 190 micron yang menjamin keamanan produk Anda. Sangat ideal untuk menjaga kesegaran kopi, snack, atau produk UMKM lainnya. Tampilan profesional untuk meningkatkan nilai jual brand Anda.","Sisi Polos 90 micron, Sisi Bintik 190 micron",280 micron,100mm x 150mm,,,Transparent ,255.0,190.0,,False
VCM-N-PLS-9x14-NYL,Vacuum Pack Polos,Vacuum Pack,"Kemasan Vacuum Pack Polos kualitas premium dari kategori Vacuum Pack. Dibuat dengan nylon 15 / lldpe 60 yang menjamin keamanan produk Anda. Sangat ideal untuk menjaga kesegaran kopi, snack, atau produk UMKM lainnya. Tampilan profesional untuk meningkatkan nilai jual brand Anda.",nylon 15 / lldpe 60,75 micron,90mm x 140mm,,,Transparent,178.0,,,False
VCM-N-PLS-7x15-NYL,Vacuum Pack Polos,Vacuum Pack,"Kemasan Vacuum Pack Polos kualitas premium dari kategori Vacuum Pack. Dibuat dengan nylon 15 / lldpe 60 yang menjamin keamanan produk Anda. Sangat ideal untuk menjaga kesegaran kopi, snack, atau produk UMKM lainnya. Tampilan profesional untuk meningkatkan nilai jual brand Anda.",nylon 15 / lldpe 60,75 micron,70mm x 150mm,,,Transparent,168.0,,,False
VCM-N-PLS-30x40-NYL,Vacuum Pack Polos,Vacuum Pack,"Kemasan Vacuum Pack Polos kualitas premium dari kategori Vacuum Pack. Dibuat dengan nylon 15 / lldpe 60 yang menjamin keamanan produk Anda. Sangat ideal untuk menjaga kesegaran kopi, snack, atau produk UMKM lainnya. Tampilan profesional untuk meningkatkan nilai jual brand Anda.",nylon 15 / lldpe 60,75 micron,300mm x 400mm,,,Transparent ,1.69,1312.0,,False
VCM-N-PLS-25x30-NYL,Vacuum Pack Polos,Vacuum Pack,"Kemasan Vacuum Pack Polos kualitas premium dari kategori Vacuum Pack. Dibuat dengan nylon 15 / lldpe 60 yang menjamin keamanan produk Anda. Sangat ideal untuk menjaga kesegaran kopi, snack, atau produk UMKM lainnya. Tampilan profesional untuk meningkatkan nilai jual brand Anda.",nylon 15 / lldpe 60,75 micron,250mm x 300mm,,,Transparent ,980.0,864.0,,False
VCM-N-PLS-23x34-NYL,Vacuum Pack Polos,Vacuum Pack,"Kemasan Vacuum Pack Polos kualitas premium dari kategori Vacuum Pack. Dibuat dengan nylon 15 / lldpe 60 yang menjamin keamanan produk Anda. Sangat ideal untuk menjaga kesegaran kopi, snack, atau produk UMKM lainnya. Tampilan profesional untuk meningkatkan nilai jual brand Anda.",nylon 15 / lldpe 60,75 micron,230mm x 340mm,,,Transparent ,1.06,928.0,,False
VCM-N-PLS-20x30-NYL,Vacuum Pack Polos,Vacuum Pack,"Kemasan Vacuum Pack Polos kualitas premium dari kategori Vacuum Pack. Dibuat dengan nylon 15 / lldpe 60 yang menjamin keamanan produk Anda. Sangat ideal untuk menjaga kesegaran kopi, snack, atau produk UMKM lainnya. Tampilan profesional untuk meningkatkan nilai jual brand Anda.",nylon 15 / lldpe 60,75 micron,200mm x 300mm,,,Transparent ,855.0,691.0,,False
VCM-N-PLS-20x25-NYL,Vacuum Pack Polos,Vacuum Pack,"Kemasan Vacuum Pack Polos kualitas premium dari kategori Vacuum Pack. Dibuat dengan nylon 15 / lldpe 60 yang menjamin keamanan produk Anda. Sangat ideal untuk menjaga kesegaran kopi, snack, atau produk UMKM lainnya. Tampilan profesional untuk meningkatkan nilai jual brand Anda.",nylon 15 / lldpe 60,75 micron,200mm x 250mm,,,Transparent ,655.0,586.0,,False
VCM-N-PLS-17x25-NYL,Vacuum Pack Polos,Vacuum Pack,"Kemasan Vacuum Pack Polos kualitas premium dari kategori Vacuum Pack. Dibuat dengan nylon 15 / lldpe 60 yang menjamin keamanan produk Anda. Sangat ideal untuk menjaga kesegaran kopi, snack, atau produk UMKM lainnya. Tampilan profesional untuk meningkatkan nilai jual brand Anda.",nylon 15 / lldpe 60,75 micron,170mm x 250mm,,,Transparent ,580.0,512.0,,False
VCM-N-PLS-15x40-NYL,Vacuum Pack Polos,Vacuum Pack,"Kemasan Vacuum Pack Polos kualitas premium dari kategori Vacuum Pack. Dibuat dengan nylon 15 / lldpe 60 yang menjamin keamanan produk Anda. Sangat ideal untuk menjaga kesegaran kopi, snack, atau produk UMKM lainnya. Tampilan profesional untuk meningkatkan nilai jual brand Anda.",nylon 15 / lldpe 60,75 micron,150mm x 300mm,,,Transparent ,585.0,448.0,,False
VCM-N-PLS-15x25-NYL,Vacuum Pack Polos,Vacuum Pack,"Kemasan Vacuum Pack Polos kualitas premium dari kategori Vacuum Pack. Dibuat dengan nylon 15 / lldpe 60 yang menjamin keamanan produk Anda. Sangat ideal untuk menjaga kesegaran kopi, snack, atau produk UMKM lainnya. Tampilan profesional untuk meningkatkan nilai jual brand Anda.",nylon 15 / lldpe 60,75 micron,150mm x 250mm,,,Transparent ,550.0,378.0,,False
VCM-N-PLS-15x20-NYL,Vacuum Pack Polos,Vacuum Pack,"Kemasan Vacuum Pack Polos kualitas premium dari kategori Vacuum Pack. Dibuat dengan nylon 15 / lldpe 60 yang menjamin keamanan produk Anda. Sangat ideal untuk menjaga kesegaran kopi, snack, atau produk UMKM lainnya. Tampilan profesional untuk meningkatkan nilai jual brand Anda.",nylon 15 / lldpe 60,75 micron,150mm x 200mm,,,Transparent ,425.0,301.0,,False
VCM-N-PLS-12x20-NYL,Vacuum Pack Polos,Vacuum Pack,"Kemasan Vacuum Pack Polos kualitas premium dari kategori Vacuum Pack. Dibuat dengan nylon 15 / lldpe 60 yang menjamin keamanan produk Anda. Sangat ideal untuk menjaga kesegaran kopi, snack, atau produk UMKM lainnya. Tampilan profesional untuk meningkatkan nilai jual brand Anda.",nylon 15 / lldpe 60,75 micron,120mm x 200mm,,,Transparent ,350.0,269.0,,False
VCM-N-PLS-11x16-NYL,Vacuum Pack Polos,Vacuum Pack,"Kemasan Vacuum Pack Polos kualitas premium dari kategori Vacuum Pack. Dibuat dengan nylon 15 / lldpe 60 yang menjamin keamanan produk Anda. Sangat ideal untuk menjaga kesegaran kopi, snack, atau produk UMKM lainnya. Tampilan profesional untuk meningkatkan nilai jual brand Anda.",nylon 15 / lldpe 60,75 micron,110mm x 160mm,,,Transparent ,300.0,227.0,,False
ROL-A-ALU-80x1000,Roll Alumunium Foil,Roll,"Kemasan Roll Alumunium Foil kualitas premium dari kategori Roll. Dibuat dengan pet 12 / alu 7 / lldpe 60 yang menjamin keamanan produk Anda. Sangat ideal untuk menjaga kesegaran kopi, snack, atau produk UMKM lainnya. Tampilan profesional untuk meningkatkan nilai jual brand Anda.",pet 12 / alu 7 / lldpe 60,,800mm x 1000 M,,,,,,,False
ROL-M-MTL-80x1000,Roll Metalized,Roll,"Kemasan Roll Metalized kualitas premium dari kategori Roll. Dibuat dengan opp 20 / vmcpp 40 yang menjamin keamanan produk Anda. Sangat ideal untuk menjaga kesegaran kopi, snack, atau produk UMKM lainnya. Tampilan profesional untuk meningkatkan nilai jual brand Anda.",opp 20 / vmcpp 40,,800mm x 1000 M,,,,,,,False
ROL-M-MTL-76x1000,Roll Metalized,Roll,"Kemasan Roll Metalized kualitas premium dari kategori Roll. Dibuat dengan vmpet 12 / lldpe 50 yang menjamin keamanan produk Anda. Sangat ideal untuk menjaga kesegaran kopi, snack, atau produk UMKM lainnya. Tampilan profesional untuk meningkatkan nilai jual brand Anda.",vmpet 12 / lldpe 50,,760mm x 1000 M,,,,,,,False
ROL-M-MTL-76x1000-WHT,Roll Metalized Blok Putih,Roll,"Kemasan Roll Metalized Blok Putih kualitas premium dari kategori Roll. Dibuat dengan pet 12 / vmcpp 40 yang menjamin keamanan produk Anda. Sangat ideal untuk menjaga kesegaran kopi, snack, atau produk UMKM lainnya. Tampilan profesional untuk meningkatkan nilai jual brand Anda.",pet 12 / vmcpp 40,,760mm x 1000 M,,,,,,,False
ROL-N-NYL-84x1000-NYL,Roll Nylon,Roll,"Kemasan Roll Nylon kualitas premium dari kategori Roll. Dibuat dengan nylon 15 / lldpe 40 yang menjamin keamanan produk Anda. Sangat ideal untuk menjaga kesegaran kopi, snack, atau produk UMKM lainnya. Tampilan profesional untuk meningkatkan nilai jual brand Anda.",nylon 15 / lldpe 40,,840mm x 1000 M,,,,,,,False
,Filter Drip,Accessories,"Kemasan Filter Drip kualitas premium dari kategori Accessories. Dibuat dengan Food Grade Filter Paper yang menjamin keamanan produk Anda. Sangat ideal untuk menjaga kesegaran kopi, snack, atau produk UMKM lainnya. Tampilan profesional untuk meningkatkan nilai jual brand Anda.",Food Grade Filter Paper,,,,,,800.0,,,False
,Valve,Accessories,"Kemasan Valve kualitas premium dari kategori Accessories. Dibuat dengan One-way Degassing Valve (Food Grade Plastic) yang menjamin keamanan produk Anda. Sangat ideal untuk menjaga kesegaran kopi, snack, atau produk UMKM lainnya. Tampilan profesional untuk meningkatkan nilai jual brand Anda.",One-way Degassing Valve (Food Grade Plastic),,,,,,700.0,,,False
,,,"Kemasan  kualitas premium dari kategori . Dibuat dengan food-grade material yang menjamin keamanan produk Anda. Sangat ideal untuk menjaga kesegaran kopi, snack, atau produk UMKM lainnya. Tampilan profesional untuk meningkatkan nilai jual brand Anda.",,,,,,,,,,False
,,,"Kemasan  kualitas premium dari kategori . Dibuat dengan food-grade material yang menjamin keamanan produk Anda. Sangat ideal untuk menjaga kesegaran kopi, snack, atau produk UMKM lainnya. Tampilan profesional untuk meningkatkan nilai jual brand Anda.",,,,,,,,,,False
,,,"Kemasan  kualitas premium dari kategori . Dibuat dengan food-grade material yang menjamin keamanan produk Anda. Sangat ideal untuk menjaga kesegaran kopi, snack, atau produk UMKM lainnya. Tampilan profesional untuk meningkatkan nilai jual brand Anda.",,,,,,,,,,False
,,,"Kemasan  kualitas premium dari kategori . Dibuat dengan food-grade material yang menjamin keamanan produk Anda. Sangat ideal untuk menjaga kesegaran kopi, snack, atau produk UMKM lainnya. Tampilan profesional untuk meningkatkan nilai jual brand Anda.",,,,,,,,,,False
,,,"Kemasan  kualitas premium dari kategori . Dibuat dengan food-grade material yang menjamin keamanan produk Anda. Sangat ideal untuk menjaga kesegaran kopi, snack, atau produk UMKM lainnya. Tampilan profesional untuk meningkatkan nilai jual brand Anda.",,,,,,,,,,False
,,,"Kemasan  kualitas premium dari kategori . Dibuat dengan food-grade material yang menjamin keamanan produk Anda. Sangat ideal untuk menjaga kesegaran kopi, snack, atau produk UMKM lainnya. Tampilan profesional untuk meningkatkan nilai jual brand Anda.",,,,,,,,,,False
,,,"Kemasan  kualitas premium dari kategori . Dibuat dengan food-grade material yang menjamin keamanan produk Anda. Sangat ideal untuk menjaga kesegaran kopi, snack, atau produk UMKM lainnya. Tampilan profesional untuk meningkatkan nilai jual brand Anda.",,,,,,,,,,False
,,,"Kemasan  kualitas premium dari kategori . Dibuat dengan food-grade material yang menjamin keamanan produk Anda. Sangat ideal untuk menjaga kesegaran kopi, snack, atau produk UMKM lainnya. Tampilan profesional untuk meningkatkan nilai jual brand Anda.",,,,,,,,,,False
,,,"Kemasan  kualitas premium dari kategori . Dibuat dengan food-grade material yang menjamin keamanan produk Anda. Sangat ideal untuk menjaga kesegaran kopi, snack, atau produk UMKM lainnya. Tampilan profesional untuk meningkatkan nilai jual brand Anda.",,,,,,,,,,False
,,,"Kemasan  kualitas premium dari kategori . Dibuat dengan food-grade material yang menjamin keamanan produk Anda. Sangat ideal untuk menjaga kesegaran kopi, snack, atau produk UMKM lainnya. Tampilan profesional untuk meningkatkan nilai jual brand Anda.",,,,,,,,,,False
,,,"Kemasan  kualitas premium dari kategori . Dibuat dengan food-grade material yang menjamin keamanan produk Anda. Sangat ideal untuk menjaga kesegaran kopi, snack, atau produk UMKM lainnya. Tampilan profesional untuk meningkatkan nilai jual brand Anda.",,,,,,,,,,False
,,,"Kemasan  kualitas premium dari kategori . Dibuat dengan food-grade material yang menjamin keamanan produk Anda. Sangat ideal untuk menjaga kesegaran kopi, snack, atau produk UMKM lainnya. Tampilan profesional untuk meningkatkan nilai jual brand Anda.",,,,,,,,,,False
,,,"Kemasan  kualitas premium dari kategori . Dibuat dengan food-grade material yang menjamin keamanan produk Anda. Sangat ideal untuk menjaga kesegaran kopi, snack, atau produk UMKM lainnya. Tampilan profesional untuk meningkatkan nilai jual brand Anda.",,,,,,,,,,False
,,,"Kemasan  kualitas premium dari kategori . Dibuat dengan food-grade material yang menjamin keamanan produk Anda. Sangat ideal untuk menjaga kesegaran kopi, snack, atau produk UMKM lainnya. Tampilan profesional untuk meningkatkan nilai jual brand Anda.",,,,,,,,,,False
,,,"Kemasan  kualitas premium dari kategori . Dibuat dengan food-grade material yang menjamin keamanan produk Anda. Sangat ideal untuk menjaga kesegaran kopi, snack, atau produk UMKM lainnya. Tampilan profesional untuk meningkatkan nilai jual brand Anda.",,,,,,,,,,False
,,,"Kemasan  kualitas premium dari kategori . Dibuat dengan food-grade material yang menjamin keamanan produk Anda. Sangat ideal untuk menjaga kesegaran kopi, snack, atau produk UMKM lainnya. Tampilan profesional untuk meningkatkan nilai jual brand Anda.",,,,,,,,,,False
,,,"Kemasan  kualitas premium dari kategori . Dibuat dengan food-grade material yang menjamin keamanan produk Anda. Sangat ideal untuk menjaga kesegaran kopi, snack, atau produk UMKM lainnya. Tampilan profesional untuk meningkatkan nilai jual brand Anda.",,,,,,,,,,False
,,,"Kemasan  kualitas premium dari kategori . Dibuat dengan food-grade material yang menjamin keamanan produk Anda. Sangat ideal untuk menjaga kesegaran kopi, snack, atau produk UMKM lainnya. Tampilan profesional untuk meningkatkan nilai jual brand Anda.",,,,,,,,,,False
,,,"Kemasan  kualitas premium dari kategori . Dibuat dengan food-grade material yang menjamin keamanan produk Anda. Sangat ideal untuk menjaga kesegaran kopi, snack, atau produk UMKM lainnya. Tampilan profesional untuk meningkatkan nilai jual brand Anda.",,,,,,,,,,False
,,,"Kemasan  kualitas premium dari kategori . Dibuat dengan food-grade material yang menjamin keamanan produk Anda. Sangat ideal untuk menjaga kesegaran kopi, snack, atau produk UMKM lainnya. Tampilan profesional untuk meningkatkan nilai jual brand Anda.",,,,,,,,,,False
,,,"Kemasan  kualitas premium dari kategori . Dibuat dengan food-grade material yang menjamin keamanan produk Anda. Sangat ideal untuk menjaga kesegaran kopi, snack, atau produk UMKM lainnya. Tampilan profesional untuk meningkatkan nilai jual brand Anda.",,,,,,,,,,False
,,,"Kemasan  kualitas premium dari kategori . Dibuat dengan food-grade material yang menjamin keamanan produk Anda. Sangat ideal untuk menjaga kesegaran kopi, snack, atau produk UMKM lainnya. Tampilan profesional untuk meningkatkan nilai jual brand Anda.",,,,,,,,,,False
,,,"Kemasan  kualitas premium dari kategori . Dibuat dengan food-grade material yang menjamin keamanan produk Anda. Sangat ideal untuk menjaga kesegaran kopi, snack, atau produk UMKM lainnya. Tampilan profesional untuk meningkatkan nilai jual brand Anda.",,,,,,,,,,False
,,,"Kemasan  kualitas premium dari kategori . Dibuat dengan food-grade material yang menjamin keamanan produk Anda. Sangat ideal untuk menjaga kesegaran kopi, snack, atau produk UMKM lainnya. Tampilan profesional untuk meningkatkan nilai jual brand Anda.",,,,,,,,,,False
,,,"Kemasan  kualitas premium dari kategori . Dibuat dengan food-grade material yang menjamin keamanan produk Anda. Sangat ideal untuk menjaga kesegaran kopi, snack, atau produk UMKM lainnya. Tampilan profesional untuk meningkatkan nilai jual brand Anda.",,,,,,,,,,False
,,,"Kemasan  kualitas premium dari kategori . Dibuat dengan food-grade material yang menjamin keamanan produk Anda. Sangat ideal untuk menjaga kesegaran kopi, snack, atau produk UMKM lainnya. Tampilan profesional untuk meningkatkan nilai jual brand Anda.",,,,,,,,,,False
,,,"Kemasan  kualitas premium dari kategori . Dibuat dengan food-grade material yang menjamin keamanan produk Anda. Sangat ideal untuk menjaga kesegaran kopi, snack, atau produk UMKM lainnya. Tampilan profesional untuk meningkatkan nilai jual brand Anda.",,,,,,,,,,False
,,,"Kemasan  kualitas premium dari kategori . Dibuat dengan food-grade material yang menjamin keamanan produk Anda. Sangat ideal untuk menjaga kesegaran kopi, snack, atau produk UMKM lainnya. Tampilan profesional untuk meningkatkan nilai jual brand Anda.",,,,,,,,,,False
,,,"Kemasan  kualitas premium dari kategori . Dibuat dengan food-grade material yang menjamin keamanan produk Anda. Sangat ideal untuk menjaga kesegaran kopi, snack, atau produk UMKM lainnya. Tampilan profesional untuk meningkatkan nilai jual brand Anda.",,,,,,,,,,False
,,,"Kemasan  kualitas premium dari kategori . Dibuat dengan food-grade material yang menjamin keamanan produk Anda. Sangat ideal untuk menjaga kesegaran kopi, snack, atau produk UMKM lainnya. Tampilan profesional untuk meningkatkan nilai jual brand Anda.",,,,,,,,,,False
,,,"Kemasan  kualitas premium dari kategori . Dibuat dengan food-grade material yang menjamin keamanan produk Anda. Sangat ideal untuk menjaga kesegaran kopi, snack, atau produk UMKM lainnya. Tampilan profesional untuk meningkatkan nilai jual brand Anda.",,,,,,,,,,False
,,,"Kemasan  kualitas premium dari kategori . Dibuat dengan food-grade material yang menjamin keamanan produk Anda. Sangat ideal untuk menjaga kesegaran kopi, snack, atau produk UMKM lainnya. Tampilan profesional untuk meningkatkan nilai jual brand Anda.",,,,,,,,,,False
,,,"Kemasan  kualitas premium dari kategori . Dibuat dengan food-grade material yang menjamin keamanan produk Anda. Sangat ideal untuk menjaga kesegaran kopi, snack, atau produk UMKM lainnya. Tampilan profesional untuk meningkatkan nilai jual brand Anda.",,,,,,,,,,False
,,,"Kemasan  kualitas premium dari kategori . Dibuat dengan food-grade material yang menjamin keamanan produk Anda. Sangat ideal untuk menjaga kesegaran kopi, snack, atau produk UMKM lainnya. Tampilan profesional untuk meningkatkan nilai jual brand Anda.",,,,,,,,,,False
,,,"Kemasan  kualitas premium dari kategori . Dibuat dengan food-grade material yang menjamin keamanan produk Anda. Sangat ideal untuk menjaga kesegaran kopi, snack, atau produk UMKM lainnya. Tampilan profesional untuk meningkatkan nilai jual brand Anda.",,,,,,,,,,False
,,,"Kemasan  kualitas premium dari kategori . Dibuat dengan food-grade material yang menjamin keamanan produk Anda. Sangat ideal untuk menjaga kesegaran kopi, snack, atau produk UMKM lainnya. Tampilan profesional untuk meningkatkan nilai jual brand Anda.",,,,,,,,,,False
,,,"Kemasan  kualitas premium dari kategori . Dibuat dengan food-grade material yang menjamin keamanan produk Anda. Sangat ideal untuk menjaga kesegaran kopi, snack, atau produk UMKM lainnya. Tampilan profesional untuk meningkatkan nilai jual brand Anda.",,,,,,,,,,False
,,,"Kemasan  kualitas premium dari kategori . Dibuat dengan food-grade material yang menjamin keamanan produk Anda. Sangat ideal untuk menjaga kesegaran kopi, snack, atau produk UMKM lainnya. Tampilan profesional untuk meningkatkan nilai jual brand Anda.",,,,,,,,,,False
,,,"Kemasan  kualitas premium dari kategori . Dibuat dengan food-grade material yang menjamin keamanan produk Anda. Sangat ideal untuk menjaga kesegaran kopi, snack, atau produk UMKM lainnya. Tampilan profesional untuk meningkatkan nilai jual brand Anda.",,,,,,,,,,False
,,,"Kemasan  kualitas premium dari kategori . Dibuat dengan food-grade material yang menjamin keamanan produk Anda. Sangat ideal untuk menjaga kesegaran kopi, snack, atau produk UMKM lainnya. Tampilan profesional untuk meningkatkan nilai jual brand Anda.",,,,,,,,,,False
,,,"Kemasan  kualitas premium dari kategori . Dibuat dengan food-grade material yang menjamin keamanan produk Anda. Sangat ideal untuk menjaga kesegaran kopi, snack, atau produk UMKM lainnya. Tampilan profesional untuk meningkatkan nilai jual brand Anda.",,,,,,,,,,False
,,,"Kemasan  kualitas premium dari kategori . Dibuat dengan food-grade material yang menjamin keamanan produk Anda. Sangat ideal untuk menjaga kesegaran kopi, snack, atau produk UMKM lainnya. Tampilan profesional untuk meningkatkan nilai jual brand Anda.",,,,,,,,,,False
,,,"Kemasan  kualitas premium dari kategori . Dibuat dengan food-grade material yang menjamin keamanan produk Anda. Sangat ideal untuk menjaga kesegaran kopi, snack, atau produk UMKM lainnya. Tampilan profesional untuk meningkatkan nilai jual brand Anda.",,,,,,,,,,False
,,,"Kemasan  kualitas premium dari kategori . Dibuat dengan food-grade material yang menjamin keamanan produk Anda. Sangat ideal untuk menjaga kesegaran kopi, snack, atau produk UMKM lainnya. Tampilan profesional untuk meningkatkan nilai jual brand Anda.",,,,,,,,,,False
,,,"Kemasan  kualitas premium dari kategori . Dibuat dengan food-grade material yang menjamin keamanan produk Anda. Sangat ideal untuk menjaga kesegaran kopi, snack, atau produk UMKM lainnya. Tampilan profesional untuk meningkatkan nilai jual brand Anda.",,,,,,,,,,False
,,,"Kemasan  kualitas premium dari kategori . Dibuat dengan food-grade material yang menjamin keamanan produk Anda. Sangat ideal untuk menjaga kesegaran kopi, snack, atau produk UMKM lainnya. Tampilan profesional untuk meningkatkan nilai jual brand Anda.",,,,,,,,,,False
,,,"Kemasan  kualitas premium dari kategori . Dibuat dengan food-grade material yang menjamin keamanan produk Anda. Sangat ideal untuk menjaga kesegaran kopi, snack, atau produk UMKM lainnya. Tampilan profesional untuk meningkatkan nilai jual brand Anda.",,,,,,,,,,False
,,,"Kemasan  kualitas premium dari kategori . Dibuat dengan food-grade material yang menjamin keamanan produk Anda. Sangat ideal untuk menjaga kesegaran kopi, snack, atau produk UMKM lainnya. Tampilan profesional untuk meningkatkan nilai jual brand Anda.",,,,,,,,,,False
,,,"Kemasan  kualitas premium dari kategori . Dibuat dengan food-grade material yang menjamin keamanan produk Anda. Sangat ideal untuk menjaga kesegaran kopi, snack, atau produk UMKM lainnya. Tampilan profesional untuk meningkatkan nilai jual brand Anda.",,,,,,,,,,False
,,,"Kemasan  kualitas premium dari kategori . Dibuat dengan food-grade material yang menjamin keamanan produk Anda. Sangat ideal untuk menjaga kesegaran kopi, snack, atau produk UMKM lainnya. Tampilan profesional untuk meningkatkan nilai jual brand Anda.",,,,,,,,,,False
,,,"Kemasan  kualitas premium dari kategori . Dibuat dengan food-grade material yang menjamin keamanan produk Anda. Sangat ideal untuk menjaga kesegaran kopi, snack, atau produk UMKM lainnya. Tampilan profesional untuk meningkatkan nilai jual brand Anda.",,,,,,,,,,False
,,,"Kemasan  kualitas premium dari kategori . Dibuat dengan food-grade material yang menjamin keamanan produk Anda. Sangat ideal untuk menjaga kesegaran kopi, snack, atau produk UMKM lainnya. Tampilan profesional untuk meningkatkan nilai jual brand Anda.",,,,,,,,,,False
,,,"Kemasan  kualitas premium dari kategori . Dibuat dengan food-grade material yang menjamin keamanan produk Anda. Sangat ideal untuk menjaga kesegaran kopi, snack, atau produk UMKM lainnya. Tampilan profesional untuk meningkatkan nilai jual brand Anda.",,,,,,,,,,False
,,,"Kemasan  kualitas premium dari kategori . Dibuat dengan food-grade material yang menjamin keamanan produk Anda. Sangat ideal untuk menjaga kesegaran kopi, snack, atau produk UMKM lainnya. Tampilan profesional untuk meningkatkan nilai jual brand Anda.",,,,,,,,,,False
,,,"Kemasan  kualitas premium dari kategori . Dibuat dengan food-grade material yang menjamin keamanan produk Anda. Sangat ideal untuk menjaga kesegaran kopi, snack, atau produk UMKM lainnya. Tampilan profesional untuk meningkatkan nilai jual brand Anda.",,,,,,,,,,False
,,,"Kemasan  kualitas premium dari kategori . Dibuat dengan food-grade material yang menjamin keamanan produk Anda. Sangat ideal untuk menjaga kesegaran kopi, snack, atau produk UMKM lainnya. Tampilan profesional untuk meningkatkan nilai jual brand Anda.",,,,,,,,,,False
,,,"Kemasan  kualitas premium dari kategori . Dibuat dengan food-grade material yang menjamin keamanan produk Anda. Sangat ideal untuk menjaga kesegaran kopi, snack, atau produk UMKM lainnya. Tampilan profesional untuk meningkatkan nilai jual brand Anda.",,,,,,,,,,False
,,,"Kemasan  kualitas premium dari kategori . Dibuat dengan food-grade material yang menjamin keamanan produk Anda. Sangat ideal untuk menjaga kesegaran kopi, snack, atau produk UMKM lainnya. Tampilan profesional untuk meningkatkan nilai jual brand Anda.",,,,,,,,,,False
,,,"Kemasan  kualitas premium dari kategori . Dibuat dengan food-grade material yang menjamin keamanan produk Anda. Sangat ideal untuk menjaga kesegaran kopi, snack, atau produk UMKM lainnya. Tampilan profesional untuk meningkatkan nilai jual brand Anda.",,,,,,,,,,False
,,,"Kemasan  kualitas premium dari kategori . Dibuat dengan food-grade material yang menjamin keamanan produk Anda. Sangat ideal untuk menjaga kesegaran kopi, snack, atau produk UMKM lainnya. Tampilan profesional untuk meningkatkan nilai jual brand Anda.",,,,,,,,,,False
,,,"Kemasan  kualitas premium dari kategori . Dibuat dengan food-grade material yang menjamin keamanan produk Anda. Sangat ideal untuk menjaga kesegaran kopi, snack, atau produk UMKM lainnya. Tampilan profesional untuk meningkatkan nilai jual brand Anda.",,,,,,,,,,False
,,,"Kemasan  kualitas premium dari kategori . Dibuat dengan food-grade material yang menjamin keamanan produk Anda. Sangat ideal untuk menjaga kesegaran kopi, snack, atau produk UMKM lainnya. Tampilan profesional untuk meningkatkan nilai jual brand Anda.",,,,,,,,,,False
,,,"Kemasan  kualitas premium dari kategori . Dibuat dengan food-grade material yang menjamin keamanan produk Anda. Sangat ideal untuk menjaga kesegaran kopi, snack, atau produk UMKM lainnya. Tampilan profesional untuk meningkatkan nilai jual brand Anda.",,,,,,,,,,False
,,,"Kemasan  kualitas premium dari kategori . Dibuat dengan food-grade material yang menjamin keamanan produk Anda. Sangat ideal untuk menjaga kesegaran kopi, snack, atau produk UMKM lainnya. Tampilan profesional untuk meningkatkan nilai jual brand Anda.",,,,,,,,,,False
,,,"Kemasan  kualitas premium dari kategori . Dibuat dengan food-grade material yang menjamin keamanan produk Anda. Sangat ideal untuk menjaga kesegaran kopi, snack, atau produk UMKM lainnya. Tampilan profesional untuk meningkatkan nilai jual brand Anda.",,,,,,,,,,False
,,,"Kemasan  kualitas premium dari kategori . Dibuat dengan food-grade material yang menjamin keamanan produk Anda. Sangat ideal untuk menjaga kesegaran kopi, snack, atau produk UMKM lainnya. Tampilan profesional untuk meningkatkan nilai jual brand Anda.",,,,,,,,,,False
,,,"Kemasan  kualitas premium dari kategori . Dibuat dengan food-grade material yang menjamin keamanan produk Anda. Sangat ideal untuk menjaga kesegaran kopi, snack, atau produk UMKM lainnya. Tampilan profesional untuk meningkatkan nilai jual brand Anda.",,,,,,,,,,False
,,,"Kemasan  kualitas premium dari kategori . Dibuat dengan food-grade material yang menjamin keamanan produk Anda. Sangat ideal untuk menjaga kesegaran kopi, snack, atau produk UMKM lainnya. Tampilan profesional untuk meningkatkan nilai jual brand Anda.",,,,,,,,,,False
,,,"Kemasan  kualitas premium dari kategori . Dibuat dengan food-grade material yang menjamin keamanan produk Anda. Sangat ideal untuk menjaga kesegaran kopi, snack, atau produk UMKM lainnya. Tampilan profesional untuk meningkatkan nilai jual brand Anda.",,,,,,,,,,False
,,,"Kemasan  kualitas premium dari kategori . Dibuat dengan food-grade material yang menjamin keamanan produk Anda. Sangat ideal untuk menjaga kesegaran kopi, snack, atau produk UMKM lainnya. Tampilan profesional untuk meningkatkan nilai jual brand Anda.",,,,,,,,,,False
,,,"Kemasan  kualitas premium dari kategori . Dibuat dengan food-grade material yang menjamin keamanan produk Anda. Sangat ideal untuk menjaga kesegaran kopi, snack, atau produk UMKM lainnya. Tampilan profesional untuk meningkatkan nilai jual brand Anda.",,,,,,,,,,False
,,,"Kemasan  kualitas premium dari kategori . Dibuat dengan food-grade material yang menjamin keamanan produk Anda. Sangat ideal untuk menjaga kesegaran kopi, snack, atau produk UMKM lainnya. Tampilan profesional untuk meningkatkan nilai jual brand Anda.",,,,,,,,,,False
,,,"Kemasan  kualitas premium dari kategori . Dibuat dengan food-grade material yang menjamin keamanan produk Anda. Sangat ideal untuk menjaga kesegaran kopi, snack, atau produk UMKM lainnya. Tampilan profesional untuk meningkatkan nilai jual brand Anda.",,,,,,,,,,False
,,,"Kemasan  kualitas premium dari kategori . Dibuat dengan food-grade material yang menjamin keamanan produk Anda. Sangat ideal untuk menjaga kesegaran kopi, snack, atau produk UMKM lainnya. Tampilan profesional untuk meningkatkan nilai jual brand Anda.",,,,,,,,,,False
,,,"Kemasan  kualitas premium dari kategori . Dibuat dengan food-grade material yang menjamin keamanan produk Anda. Sangat ideal untuk menjaga kesegaran kopi, snack, atau produk UMKM lainnya. Tampilan profesional untuk meningkatkan nilai jual brand Anda.",,,,,,,,,,False
,,,"Kemasan  kualitas premium dari kategori . Dibuat dengan food-grade material yang menjamin keamanan produk Anda. Sangat ideal untuk menjaga kesegaran kopi, snack, atau produk UMKM lainnya. Tampilan profesional untuk meningkatkan nilai jual brand Anda.",,,,,,,,,,False
,,,"Kemasan  kualitas premium dari kategori . Dibuat dengan food-grade material yang menjamin keamanan produk Anda. Sangat ideal untuk menjaga kesegaran kopi, snack, atau produk UMKM lainnya. Tampilan profesional untuk meningkatkan nilai jual brand Anda.",,,,,,,,,,False
,,,"Kemasan  kualitas premium dari kategori . Dibuat dengan food-grade material yang menjamin keamanan produk Anda. Sangat ideal untuk menjaga kesegaran kopi, snack, atau produk UMKM lainnya. Tampilan profesional untuk meningkatkan nilai jual brand Anda.",,,,,,,,,,False
,,,"Kemasan  kualitas premium dari kategori . Dibuat dengan food-grade material yang menjamin keamanan produk Anda. Sangat ideal untuk menjaga kesegaran kopi, snack, atau produk UMKM lainnya. Tampilan profesional untuk meningkatkan nilai jual brand Anda.",,,,,,,,,,False
,,,"Kemasan  kualitas premium dari kategori . Dibuat dengan food-grade material yang menjamin keamanan produk Anda. Sangat ideal untuk menjaga kesegaran kopi, snack, atau produk UMKM lainnya. Tampilan profesional untuk meningkatkan nilai jual brand Anda.",,,,,,,,,,False
,,,"Kemasan  kualitas premium dari kategori . Dibuat dengan food-grade material yang menjamin keamanan produk Anda. Sangat ideal untuk menjaga kesegaran kopi, snack, atau produk UMKM lainnya. Tampilan profesional untuk meningkatkan nilai jual brand Anda.",,,,,,,,,,False
,,,"Kemasan  kualitas premium dari kategori . Dibuat dengan food-grade material yang menjamin keamanan produk Anda. Sangat ideal untuk menjaga kesegaran kopi, snack, atau produk UMKM lainnya. Tampilan profesional untuk meningkatkan nilai jual brand Anda.",,,,,,,,,,False
,,,"Kemasan  kualitas premium dari kategori . Dibuat dengan food-grade material yang menjamin keamanan produk Anda. Sangat ideal untuk menjaga kesegaran kopi, snack, atau produk UMKM lainnya. Tampilan profesional untuk meningkatkan nilai jual brand Anda.",,,,,,,,,,False
,,,"Kemasan  kualitas premium dari kategori . Dibuat dengan food-grade material yang menjamin keamanan produk Anda. Sangat ideal untuk menjaga kesegaran kopi, snack, atau produk UMKM lainnya. Tampilan profesional untuk meningkatkan nilai jual brand Anda.",,,,,,,,,,False
,,,"Kemasan  kualitas premium dari kategori . Dibuat dengan food-grade material yang menjamin keamanan produk Anda. Sangat ideal untuk menjaga kesegaran kopi, snack, atau produk UMKM lainnya. Tampilan profesional untuk meningkatkan nilai jual brand Anda.",,,,,,,,,,False
,,,"Kemasan  kualitas premium dari kategori . Dibuat dengan food-grade material yang menjamin keamanan produk Anda. Sangat ideal untuk menjaga kesegaran kopi, snack, atau produk UMKM lainnya. Tampilan profesional untuk meningkatkan nilai jual brand Anda.",,,,,,,,,,False
,,,"Kemasan  kualitas premium dari kategori . Dibuat dengan food-grade material yang menjamin keamanan produk Anda. Sangat ideal untuk menjaga kesegaran kopi, snack, atau produk UMKM lainnya. Tampilan profesional untuk meningkatkan nilai jual brand Anda.",,,,,,,,,,False
,,,"Kemasan  kualitas premium dari kategori . Dibuat dengan food-grade material yang menjamin keamanan produk Anda. Sangat ideal untuk menjaga kesegaran kopi, snack, atau produk UMKM lainnya. Tampilan profesional untuk meningkatkan nilai jual brand Anda.",,,,,,,,,,False
,,,"Kemasan  kualitas premium dari kategori . Dibuat dengan food-grade material yang menjamin keamanan produk Anda. Sangat ideal untuk menjaga kesegaran kopi, snack, atau produk UMKM lainnya. Tampilan profesional untuk meningkatkan nilai jual brand Anda.",,,,,,,,,,False
,,,"Kemasan  kualitas premium dari kategori . Dibuat dengan food-grade material yang menjamin keamanan produk Anda. Sangat ideal untuk menjaga kesegaran kopi, snack, atau produk UMKM lainnya. Tampilan profesional untuk meningkatkan nilai jual brand Anda.",,,,,,,,,,False
,,,"Kemasan  kualitas premium dari kategori . Dibuat dengan food-grade material yang menjamin keamanan produk Anda. Sangat ideal untuk menjaga kesegaran kopi, snack, atau produk UMKM lainnya. Tampilan profesional untuk meningkatkan nilai jual brand Anda.",,,,,,,,,,False
,,,"Kemasan  kualitas premium dari kategori . Dibuat dengan food-grade material yang menjamin keamanan produk Anda. Sangat ideal untuk menjaga kesegaran kopi, snack, atau produk UMKM lainnya. Tampilan profesional untuk meningkatkan nilai jual brand Anda.",,,,,,,,,,False
,,,"Kemasan  kualitas premium dari kategori . Dibuat dengan food-grade material yang menjamin keamanan produk Anda. Sangat ideal untuk menjaga kesegaran kopi, snack, atau produk UMKM lainnya. Tampilan profesional untuk meningkatkan nilai jual brand Anda.",,,,,,,,,,False
,,,"Kemasan  kualitas premium dari kategori . Dibuat dengan food-grade material yang menjamin keamanan produk Anda. Sangat ideal untuk menjaga kesegaran kopi, snack, atau produk UMKM lainnya. Tampilan profesional untuk meningkatkan nilai jual brand Anda.",,,,,,,,,,False
,,,"Kemasan  kualitas premium dari kategori . Dibuat dengan food-grade material yang menjamin keamanan produk Anda. Sangat ideal untuk menjaga kesegaran kopi, snack, atau produk UMKM lainnya. Tampilan profesional untuk meningkatkan nilai jual brand Anda.",,,,,,,,,,False
,,,"Kemasan  kualitas premium dari kategori . Dibuat dengan food-grade material yang menjamin keamanan produk Anda. Sangat ideal untuk menjaga kesegaran kopi, snack, atau produk UMKM lainnya. Tampilan profesional untuk meningkatkan nilai jual brand Anda.",,,,,,,,,,False
,,,"Kemasan  kualitas premium dari kategori . Dibuat dengan food-grade material yang menjamin keamanan produk Anda. Sangat ideal untuk menjaga kesegaran kopi, snack, atau produk UMKM lainnya. Tampilan profesional untuk meningkatkan nilai jual brand Anda.",,,,,,,,,,False
,,,"Kemasan  kualitas premium dari kategori . Dibuat dengan food-grade material yang menjamin keamanan produk Anda. Sangat ideal untuk menjaga kesegaran kopi, snack, atau produk UMKM lainnya. Tampilan profesional untuk meningkatkan nilai jual brand Anda.",,,,,,,,,,False
,,,"Kemasan  kualitas premium dari kategori . Dibuat dengan food-grade material yang menjamin keamanan produk Anda. Sangat ideal untuk menjaga kesegaran kopi, snack, atau produk UMKM lainnya. Tampilan profesional untuk meningkatkan nilai jual brand Anda.",,,,,,,,,,False
,,,"Kemasan  kualitas premium dari kategori . Dibuat dengan food-grade material yang menjamin keamanan produk Anda. Sangat ideal untuk menjaga kesegaran kopi, snack, atau produk UMKM lainnya. Tampilan profesional untuk meningkatkan nilai jual brand Anda.",,,,,,,,,,False
,,,"Kemasan  kualitas premium dari kategori . Dibuat dengan food-grade material yang menjamin keamanan produk Anda. Sangat ideal untuk menjaga kesegaran kopi, snack, atau produk UMKM lainnya. Tampilan profesional untuk meningkatkan nilai jual brand Anda.",,,,,,,,,,False
,,,"Kemasan  kualitas premium dari kategori . Dibuat dengan food-grade material yang menjamin keamanan produk Anda. Sangat ideal untuk menjaga kesegaran kopi, snack, atau produk UMKM lainnya. Tampilan profesional untuk meningkatkan nilai jual brand Anda.",,,,,,,,,,False
,,,"Kemasan  kualitas premium dari kategori . Dibuat dengan food-grade material yang menjamin keamanan produk Anda. Sangat ideal untuk menjaga kesegaran kopi, snack, atau produk UMKM lainnya. Tampilan profesional untuk meningkatkan nilai jual brand Anda.",,,,,,,,,,False
,,,"Kemasan  kualitas premium dari kategori . Dibuat dengan food-grade material yang menjamin keamanan produk Anda. Sangat ideal untuk menjaga kesegaran kopi, snack, atau produk UMKM lainnya. Tampilan profesional untuk meningkatkan nilai jual brand Anda.",,,,,,,,,,False
,,,"Kemasan  kualitas premium dari kategori . Dibuat dengan food-grade material yang menjamin keamanan produk Anda. Sangat ideal untuk menjaga kesegaran kopi, snack, atau produk UMKM lainnya. Tampilan profesional untuk meningkatkan nilai jual brand Anda.",,,,,,,,,,False
,,,"Kemasan  kualitas premium dari kategori . Dibuat dengan food-grade material yang menjamin keamanan produk Anda. Sangat ideal untuk menjaga kesegaran kopi, snack, atau produk UMKM lainnya. Tampilan profesional untuk meningkatkan nilai jual brand Anda.",,,,,,,,,,False
,,,"Kemasan  kualitas premium dari kategori . Dibuat dengan food-grade material yang menjamin keamanan produk Anda. Sangat ideal untuk menjaga kesegaran kopi, snack, atau produk UMKM lainnya. Tampilan profesional untuk meningkatkan nilai jual brand Anda.",,,,,,,,,,False
,,,"Kemasan  kualitas premium dari kategori . Dibuat dengan food-grade material yang menjamin keamanan produk Anda. Sangat ideal untuk menjaga kesegaran kopi, snack, atau produk UMKM lainnya. Tampilan profesional untuk meningkatkan nilai jual brand Anda.",,,,,,,,,,False
,,,"Kemasan  kualitas premium dari kategori . Dibuat dengan food-grade material yang menjamin keamanan produk Anda. Sangat ideal untuk menjaga kesegaran kopi, snack, atau produk UMKM lainnya. Tampilan profesional untuk meningkatkan nilai jual brand Anda.",,,,,,,,,,False
,,,"Kemasan  kualitas premium dari kategori . Dibuat dengan food-grade material yang menjamin keamanan produk Anda. Sangat ideal untuk menjaga kesegaran kopi, snack, atau produk UMKM lainnya. Tampilan profesional untuk meningkatkan nilai jual brand Anda.",,,,,,,,,,False
,,,"Kemasan  kualitas premium dari kategori . Dibuat dengan food-grade material yang menjamin keamanan produk Anda. Sangat ideal untuk menjaga kesegaran kopi, snack, atau produk UMKM lainnya. Tampilan profesional untuk meningkatkan nilai jual brand Anda.",,,,,,,,,,False
,,,"Kemasan  kualitas premium dari kategori . Dibuat dengan food-grade material yang menjamin keamanan produk Anda. Sangat ideal untuk menjaga kesegaran kopi, snack, atau produk UMKM lainnya. Tampilan profesional untuk meningkatkan nilai jual brand Anda.",,,,,,,,,,False
,,,"Kemasan  kualitas premium dari kategori . Dibuat dengan food-grade material yang menjamin keamanan produk Anda. Sangat ideal untuk menjaga kesegaran kopi, snack, atau produk UMKM lainnya. Tampilan profesional untuk meningkatkan nilai jual brand Anda.",,,,,,,,,,False
,,,"Kemasan  kualitas premium dari kategori . Dibuat dengan food-grade material yang menjamin keamanan produk Anda. Sangat ideal untuk menjaga kesegaran kopi, snack, atau produk UMKM lainnya. Tampilan profesional untuk meningkatkan nilai jual brand Anda.",,,,,,,,,,False
,,,"Kemasan  kualitas premium dari kategori . Dibuat dengan food-grade material yang menjamin keamanan produk Anda. Sangat ideal untuk menjaga kesegaran kopi, snack, atau produk UMKM lainnya. Tampilan profesional untuk meningkatkan nilai jual brand Anda.",,,,,,,,,,False
,,,"Kemasan  kualitas premium dari kategori . Dibuat dengan food-grade material yang menjamin keamanan produk Anda. Sangat ideal untuk menjaga kesegaran kopi, snack, atau produk UMKM lainnya. Tampilan profesional untuk meningkatkan nilai jual brand Anda.",,,,,,,,,,False
,,,"Kemasan  kualitas premium dari kategori . Dibuat dengan food-grade material yang menjamin keamanan produk Anda. Sangat ideal untuk menjaga kesegaran kopi, snack, atau produk UMKM lainnya. Tampilan profesional untuk meningkatkan nilai jual brand Anda.",,,,,,,,,,False
,,,"Kemasan  kualitas premium dari kategori . Dibuat dengan food-grade material yang menjamin keamanan produk Anda. Sangat ideal untuk menjaga kesegaran kopi, snack, atau produk UMKM lainnya. Tampilan profesional untuk meningkatkan nilai jual brand Anda.",,,,,,,,,,False
,,,"Kemasan  kualitas premium dari kategori . Dibuat dengan food-grade material yang menjamin keamanan produk Anda. Sangat ideal untuk menjaga kesegaran kopi, snack, atau produk UMKM lainnya. Tampilan profesional untuk meningkatkan nilai jual brand Anda.",,,,,,,,,,False
,,,"Kemasan  kualitas premium dari kategori . Dibuat dengan food-grade material yang menjamin keamanan produk Anda. Sangat ideal untuk menjaga kesegaran kopi, snack, atau produk UMKM lainnya. Tampilan profesional untuk meningkatkan nilai jual brand Anda.",,,,,,,,,,False
,,,"Kemasan  kualitas premium dari kategori . Dibuat dengan food-grade material yang menjamin keamanan produk Anda. Sangat ideal untuk menjaga kesegaran kopi, snack, atau produk UMKM lainnya. Tampilan profesional untuk meningkatkan nilai jual brand Anda.",,,,,,,,,,False
,,,"Kemasan  kualitas premium dari kategori . Dibuat dengan food-grade material yang menjamin keamanan produk Anda. Sangat ideal untuk menjaga kesegaran kopi, snack, atau produk UMKM lainnya. Tampilan profesional untuk meningkatkan nilai jual brand Anda.",,,,,,,,,,False
,,,"Kemasan  kualitas premium dari kategori . Dibuat dengan food-grade material yang menjamin keamanan produk Anda. Sangat ideal untuk menjaga kesegaran kopi, snack, atau produk UMKM lainnya. Tampilan profesional untuk meningkatkan nilai jual brand Anda.",,,,,,,,,,False
,,,"Kemasan  kualitas premium dari kategori . Dibuat dengan food-grade material yang menjamin keamanan produk Anda. Sangat ideal untuk menjaga kesegaran kopi, snack, atau produk UMKM lainnya. Tampilan profesional untuk meningkatkan nilai jual brand Anda.",,,,,,,,,,False
,,,"Kemasan  kualitas premium dari kategori . Dibuat dengan food-grade material yang menjamin keamanan produk Anda. Sangat ideal untuk menjaga kesegaran kopi, snack, atau produk UMKM lainnya. Tampilan profesional untuk meningkatkan nilai jual brand Anda.",,,,,,,,,,False
,,,"Kemasan  kualitas premium dari kategori . Dibuat dengan food-grade material yang menjamin keamanan produk Anda. Sangat ideal untuk menjaga kesegaran kopi, snack, atau produk UMKM lainnya. Tampilan profesional untuk meningkatkan nilai jual brand Anda.",,,,,,,,,,False
,,,"Kemasan  kualitas premium dari kategori . Dibuat dengan food-grade material yang menjamin keamanan produk Anda. Sangat ideal untuk menjaga kesegaran kopi, snack, atau produk UMKM lainnya. Tampilan profesional untuk meningkatkan nilai jual brand Anda.",,,,,,,,,,False
,,,"Kemasan  kualitas premium dari kategori . Dibuat dengan food-grade material yang menjamin keamanan produk Anda. Sangat ideal untuk menjaga kesegaran kopi, snack, atau produk UMKM lainnya. Tampilan profesional untuk meningkatkan nilai jual brand Anda.",,,,,,,,,,False
,,,"Kemasan  kualitas premium dari kategori . Dibuat dengan food-grade material yang menjamin keamanan produk Anda. Sangat ideal untuk menjaga kesegaran kopi, snack, atau produk UMKM lainnya. Tampilan profesional untuk meningkatkan nilai jual brand Anda.",,,,,,,,,,False
,,,"Kemasan  kualitas premium dari kategori . Dibuat dengan food-grade material yang menjamin keamanan produk Anda. Sangat ideal untuk menjaga kesegaran kopi, snack, atau produk UMKM lainnya. Tampilan profesional untuk meningkatkan nilai jual brand Anda.",,,,,,,,,,False
,,,"Kemasan  kualitas premium dari kategori . Dibuat dengan food-grade material yang menjamin keamanan produk Anda. Sangat ideal untuk menjaga kesegaran kopi, snack, atau produk UMKM lainnya. Tampilan profesional untuk meningkatkan nilai jual brand Anda.",,,,,,,,,,False
,,,"Kemasan  kualitas premium dari kategori . Dibuat dengan food-grade material yang menjamin keamanan produk Anda. Sangat ideal untuk menjaga kesegaran kopi, snack, atau produk UMKM lainnya. Tampilan profesional untuk meningkatkan nilai jual brand Anda.",,,,,,,,,,False
,,,"Kemasan  kualitas premium dari kategori . Dibuat dengan food-grade material yang menjamin keamanan produk Anda. Sangat ideal untuk menjaga kesegaran kopi, snack, atau produk UMKM lainnya. Tampilan profesional untuk meningkatkan nilai jual brand Anda.",,,,,,,,,,False
,,,"Kemasan  kualitas premium dari kategori . Dibuat dengan food-grade material yang menjamin keamanan produk Anda. Sangat ideal untuk menjaga kesegaran kopi, snack, atau produk UMKM lainnya. Tampilan profesional untuk meningkatkan nilai jual brand Anda.",,,,,,,,,,False
,,,"Kemasan  kualitas premium dari kategori . Dibuat dengan food-grade material yang menjamin keamanan produk Anda. Sangat ideal untuk menjaga kesegaran kopi, snack, atau produk UMKM lainnya. Tampilan profesional untuk meningkatkan nilai jual brand Anda.",,,,,,,,,,False
,,,"Kemasan  kualitas premium dari kategori . Dibuat dengan food-grade material yang menjamin keamanan produk Anda. Sangat ideal untuk menjaga kesegaran kopi, snack, atau produk UMKM lainnya. Tampilan profesional untuk meningkatkan nilai jual brand Anda.",,,,,,,,,,False
,,,"Kemasan  kualitas premium dari kategori . Dibuat dengan food-grade material yang menjamin keamanan produk Anda. Sangat ideal untuk menjaga kesegaran kopi, snack, atau produk UMKM lainnya. Tampilan profesional untuk meningkatkan nilai jual brand Anda.",,,,,,,,,,False
,,,"Kemasan  kualitas premium dari kategori . Dibuat dengan food-grade material yang menjamin keamanan produk Anda. Sangat ideal untuk menjaga kesegaran kopi, snack, atau produk UMKM lainnya. Tampilan profesional untuk meningkatkan nilai jual brand Anda.",,,,,,,,,,False
,,,"Kemasan  kualitas premium dari kategori . Dibuat dengan food-grade material yang menjamin keamanan produk Anda. Sangat ideal untuk menjaga kesegaran kopi, snack, atau produk UMKM lainnya. Tampilan profesional untuk meningkatkan nilai jual brand Anda.",,,,,,,,,,False
,,,"Kemasan  kualitas premium dari kategori . Dibuat dengan food-grade material yang menjamin keamanan produk Anda. Sangat ideal untuk menjaga kesegaran kopi, snack, atau produk UMKM lainnya. Tampilan profesional untuk meningkatkan nilai jual brand Anda.",,,,,,,,,,False
,,,"Kemasan  kualitas premium dari kategori . Dibuat dengan food-grade material yang menjamin keamanan produk Anda. Sangat ideal untuk menjaga kesegaran kopi, snack, atau produk UMKM lainnya. Tampilan profesional untuk meningkatkan nilai jual brand Anda.",,,,,,,,,,False
,,,"Kemasan  kualitas premium dari kategori . Dibuat dengan food-grade material yang menjamin keamanan produk Anda. Sangat ideal untuk menjaga kesegaran kopi, snack, atau produk UMKM lainnya. Tampilan profesional untuk meningkatkan nilai jual brand Anda.",,,,,,,,,,False
,,,"Kemasan  kualitas premium dari kategori . Dibuat dengan food-grade material yang menjamin keamanan produk Anda. Sangat ideal untuk menjaga kesegaran kopi, snack, atau produk UMKM lainnya. Tampilan profesional untuk meningkatkan nilai jual brand Anda.",,,,,,,,,,False
,,,"Kemasan  kualitas premium dari kategori . Dibuat dengan food-grade material yang menjamin keamanan produk Anda. Sangat ideal untuk menjaga kesegaran kopi, snack, atau produk UMKM lainnya. Tampilan profesional untuk meningkatkan nilai jual brand Anda.",,,,,,,,,,False
,,,"Kemasan  kualitas premium dari kategori . Dibuat dengan food-grade material yang menjamin keamanan produk Anda. Sangat ideal untuk menjaga kesegaran kopi, snack, atau produk UMKM lainnya. Tampilan profesional untuk meningkatkan nilai jual brand Anda.",,,,,,,,,,False
,,,"Kemasan  kualitas premium dari kategori . Dibuat dengan food-grade material yang menjamin keamanan produk Anda. Sangat ideal untuk menjaga kesegaran kopi, snack, atau produk UMKM lainnya. Tampilan profesional untuk meningkatkan nilai jual brand Anda.",,,,,,,,,,False
,,,"Kemasan  kualitas premium dari kategori . Dibuat dengan food-grade material yang menjamin keamanan produk Anda. Sangat ideal untuk menjaga kesegaran kopi, snack, atau produk UMKM lainnya. Tampilan profesional untuk meningkatkan nilai jual brand Anda.",,,,,,,,,,False
,,,"Kemasan  kualitas premium dari kategori . Dibuat dengan food-grade material yang menjamin keamanan produk Anda. Sangat ideal untuk menjaga kesegaran kopi, snack, atau produk UMKM lainnya. Tampilan profesional untuk meningkatkan nilai jual brand Anda.",,,,,,,,,,False
,,,"Kemasan  kualitas premium dari kategori . Dibuat dengan food-grade material yang menjamin keamanan produk Anda. Sangat ideal untuk menjaga kesegaran kopi, snack, atau produk UMKM lainnya. Tampilan profesional untuk meningkatkan nilai jual brand Anda.",,,,,,,,,,False
,,,"Kemasan  kualitas premium dari kategori . Dibuat dengan food-grade material yang menjamin keamanan produk Anda. Sangat ideal untuk menjaga kesegaran kopi, snack, atau produk UMKM lainnya. Tampilan profesional untuk meningkatkan nilai jual brand Anda.",,,,,,,,,,False
,,,"Kemasan  kualitas premium dari kategori . Dibuat dengan food-grade material yang menjamin keamanan produk Anda. Sangat ideal untuk menjaga kesegaran kopi, snack, atau produk UMKM lainnya. Tampilan profesional untuk meningkatkan nilai jual brand Anda.",,,,,,,,,,False
,,,"Kemasan  kualitas premium dari kategori . Dibuat dengan food-grade material yang menjamin keamanan produk Anda. Sangat ideal untuk menjaga kesegaran kopi, snack, atau produk UMKM lainnya. Tampilan profesional untuk meningkatkan nilai jual brand Anda.",,,,,,,,,,False
,,,"Kemasan  kualitas premium dari kategori . Dibuat dengan food-grade material yang menjamin keamanan produk Anda. Sangat ideal untuk menjaga kesegaran kopi, snack, atau produk UMKM lainnya. Tampilan profesional untuk meningkatkan nilai jual brand Anda.",,,,,,,,,,False
,,,"Kemasan  kualitas premium dari kategori . Dibuat dengan food-grade material yang menjamin keamanan produk Anda. Sangat ideal untuk menjaga kesegaran kopi, snack, atau produk UMKM lainnya. Tampilan profesional untuk meningkatkan nilai jual brand Anda.",,,,,,,,,,False
,,,"Kemasan  kualitas premium dari kategori . Dibuat dengan food-grade material yang menjamin keamanan produk Anda. Sangat ideal untuk menjaga kesegaran kopi, snack, atau produk UMKM lainnya. Tampilan profesional untuk meningkatkan nilai jual brand Anda.",,,,,,,,,,False
,,,"Kemasan  kualitas premium dari kategori . Dibuat dengan food-grade material yang menjamin keamanan produk Anda. Sangat ideal untuk menjaga kesegaran kopi, snack, atau produk UMKM lainnya. Tampilan profesional untuk meningkatkan nilai jual brand Anda.",,,,,,,,,,False
,,,"Kemasan  kualitas premium dari kategori . Dibuat dengan food-grade material yang menjamin keamanan produk Anda. Sangat ideal untuk menjaga kesegaran kopi, snack, atau produk UMKM lainnya. Tampilan profesional untuk meningkatkan nilai jual brand Anda.",,,,,,,,,,False
,,,"Kemasan  kualitas premium dari kategori . Dibuat dengan food-grade material yang menjamin keamanan produk Anda. Sangat ideal untuk menjaga kesegaran kopi, snack, atau produk UMKM lainnya. Tampilan profesional untuk meningkatkan nilai jual brand Anda.",,,,,,,,,,False
,,,"Kemasan  kualitas premium dari kategori . Dibuat dengan food-grade material yang menjamin keamanan produk Anda. Sangat ideal untuk menjaga kesegaran kopi, snack, atau produk UMKM lainnya. Tampilan profesional untuk meningkatkan nilai jual brand Anda.",,,,,,,,,,False
,,,"Kemasan  kualitas premium dari kategori . Dibuat dengan food-grade material yang menjamin keamanan produk Anda. Sangat ideal untuk menjaga kesegaran kopi, snack, atau produk UMKM lainnya. Tampilan profesional untuk meningkatkan nilai jual brand Anda.",,,,,,,,,,False
,,,"Kemasan  kualitas premium dari kategori . Dibuat dengan food-grade material yang menjamin keamanan produk Anda. Sangat ideal untuk menjaga kesegaran kopi, snack, atau produk UMKM lainnya. Tampilan profesional untuk meningkatkan nilai jual brand Anda.",,,,,,,,,,False
,,,"Kemasan  kualitas premium dari kategori . Dibuat dengan food-grade material yang menjamin keamanan produk Anda. Sangat ideal untuk menjaga kesegaran kopi, snack, atau produk UMKM lainnya. Tampilan profesional untuk meningkatkan nilai jual brand Anda.",,,,,,,,,,False
,,,"Kemasan  kualitas premium dari kategori . Dibuat dengan food-grade material yang menjamin keamanan produk Anda. Sangat ideal untuk menjaga kesegaran kopi, snack, atau produk UMKM lainnya. Tampilan profesional untuk meningkatkan nilai jual brand Anda.",,,,,,,,,,False
,,,"Kemasan  kualitas premium dari kategori . Dibuat dengan food-grade material yang menjamin keamanan produk Anda. Sangat ideal untuk menjaga kesegaran kopi, snack, atau produk UMKM lainnya. Tampilan profesional untuk meningkatkan nilai jual brand Anda.",,,,,,,,,,False
,,,"Kemasan  kualitas premium dari kategori . Dibuat dengan food-grade material yang menjamin keamanan produk Anda. Sangat ideal untuk menjaga kesegaran kopi, snack, atau produk UMKM lainnya. Tampilan profesional untuk meningkatkan nilai jual brand Anda.",,,,,,,,,,False
,,,"Kemasan  kualitas premium dari kategori . Dibuat dengan food-grade material yang menjamin keamanan produk Anda. Sangat ideal untuk menjaga kesegaran kopi, snack, atau produk UMKM lainnya. Tampilan profesional untuk meningkatkan nilai jual brand Anda.",,,,,,,,,,False
,,,"Kemasan  kualitas premium dari kategori . Dibuat dengan food-grade material yang menjamin keamanan produk Anda. Sangat ideal untuk menjaga kesegaran kopi, snack, atau produk UMKM lainnya. Tampilan profesional untuk meningkatkan nilai jual brand Anda.",,,,,,,,,,False
,,,"Kemasan  kualitas premium dari kategori . Dibuat dengan food-grade material yang menjamin keamanan produk Anda. Sangat ideal untuk menjaga kesegaran kopi, snack, atau produk UMKM lainnya. Tampilan profesional untuk meningkatkan nilai jual brand Anda.",,,,,,,,,,False
,,,"Kemasan  kualitas premium dari kategori . Dibuat dengan food-grade material yang menjamin keamanan produk Anda. Sangat ideal untuk menjaga kesegaran kopi, snack, atau produk UMKM lainnya. Tampilan profesional untuk meningkatkan nilai jual brand Anda.",,,,,,,,,,False
,,,"Kemasan  kualitas premium dari kategori . Dibuat dengan food-grade material yang menjamin keamanan produk Anda. Sangat ideal untuk menjaga kesegaran kopi, snack, atau produk UMKM lainnya. Tampilan profesional untuk meningkatkan nilai jual brand Anda.",,,,,,,,,,False
,,,"Kemasan  kualitas premium dari kategori . Dibuat dengan food-grade material yang menjamin keamanan produk Anda. Sangat ideal untuk menjaga kesegaran kopi, snack, atau produk UMKM lainnya. Tampilan profesional untuk meningkatkan nilai jual brand Anda.",,,,,,,,,,False
,,,"Kemasan  kualitas premium dari kategori . Dibuat dengan food-grade material yang menjamin keamanan produk Anda. Sangat ideal untuk menjaga kesegaran kopi, snack, atau produk UMKM lainnya. Tampilan profesional untuk meningkatkan nilai jual brand Anda.",,,,,,,,,,False
,,,"Kemasan  kualitas premium dari kategori . Dibuat dengan food-grade material yang menjamin keamanan produk Anda. Sangat ideal untuk menjaga kesegaran kopi, snack, atau produk UMKM lainnya. Tampilan profesional untuk meningkatkan nilai jual brand Anda.",,,,,,,,,,False
,,,"Kemasan  kualitas premium dari kategori . Dibuat dengan food-grade material yang menjamin keamanan produk Anda. Sangat ideal untuk menjaga kesegaran kopi, snack, atau produk UMKM lainnya. Tampilan profesional untuk meningkatkan nilai jual brand Anda.",,,,,,,,,,False
,,,"Kemasan  kualitas premium dari kategori . Dibuat dengan food-grade material yang menjamin keamanan produk Anda. Sangat ideal untuk menjaga kesegaran kopi, snack, atau produk UMKM lainnya. Tampilan profesional untuk meningkatkan nilai jual brand Anda.",,,,,,,,,,False
,,,"Kemasan  kualitas premium dari kategori . Dibuat dengan food-grade material yang menjamin keamanan produk Anda. Sangat ideal untuk menjaga kesegaran kopi, snack, atau produk UMKM lainnya. Tampilan profesional untuk meningkatkan nilai jual brand Anda.",,,,,,,,,,False
,,,"Kemasan  kualitas premium dari kategori . Dibuat dengan food-grade material yang menjamin keamanan produk Anda. Sangat ideal untuk menjaga kesegaran kopi, snack, atau produk UMKM lainnya. Tampilan profesional untuk meningkatkan nilai jual brand Anda.",,,,,,,,,,False
,,,"Kemasan  kualitas premium dari kategori . Dibuat dengan food-grade material yang menjamin keamanan produk Anda. Sangat ideal untuk menjaga kesegaran kopi, snack, atau produk UMKM lainnya. Tampilan profesional untuk meningkatkan nilai jual brand Anda.",,,,,,,,,,False
,,,"Kemasan  kualitas premium dari kategori . Dibuat dengan food-grade material yang menjamin keamanan produk Anda. Sangat ideal untuk menjaga kesegaran kopi, snack, atau produk UMKM lainnya. Tampilan profesional untuk meningkatkan nilai jual brand Anda.",,,,,,,,,,False
,,,"Kemasan  kualitas premium dari kategori . Dibuat dengan food-grade material yang menjamin keamanan produk Anda. Sangat ideal untuk menjaga kesegaran kopi, snack, atau produk UMKM lainnya. Tampilan profesional untuk meningkatkan nilai jual brand Anda.",,,,,,,,,,False
,,,"Kemasan  kualitas premium dari kategori . Dibuat dengan food-grade material yang menjamin keamanan produk Anda. Sangat ideal untuk menjaga kesegaran kopi, snack, atau produk UMKM lainnya. Tampilan profesional untuk meningkatkan nilai jual brand Anda.",,,,,,,,,,False
,,,"Kemasan  kualitas premium dari kategori . Dibuat dengan food-grade material yang menjamin keamanan produk Anda. Sangat ideal untuk menjaga kesegaran kopi, snack, atau produk UMKM lainnya. Tampilan profesional untuk meningkatkan nilai jual brand Anda.",,,,,,,,,,False
,,,"Kemasan  kualitas premium dari kategori . Dibuat dengan food-grade material yang menjamin keamanan produk Anda. Sangat ideal untuk menjaga kesegaran kopi, snack, atau produk UMKM lainnya. Tampilan profesional untuk meningkatkan nilai jual brand Anda.",,,,,,,,,,False
,,,"Kemasan  kualitas premium dari kategori . Dibuat dengan food-grade material yang menjamin keamanan produk Anda. Sangat ideal untuk menjaga kesegaran kopi, snack, atau produk UMKM lainnya. Tampilan profesional untuk meningkatkan nilai jual brand Anda.",,,,,,,,,,False
,,,"Kemasan  kualitas premium dari kategori . Dibuat dengan food-grade material yang menjamin keamanan produk Anda. Sangat ideal untuk menjaga kesegaran kopi, snack, atau produk UMKM lainnya. Tampilan profesional untuk meningkatkan nilai jual brand Anda.",,,,,,,,,,False
,,,"Kemasan  kualitas premium dari kategori . Dibuat dengan food-grade material yang menjamin keamanan produk Anda. Sangat ideal untuk menjaga kesegaran kopi, snack, atau produk UMKM lainnya. Tampilan profesional untuk meningkatkan nilai jual brand Anda.",,,,,,,,,,False
,,,"Kemasan  kualitas premium dari kategori . Dibuat dengan food-grade material yang menjamin keamanan produk Anda. Sangat ideal untuk menjaga kesegaran kopi, snack, atau produk UMKM lainnya. Tampilan profesional untuk meningkatkan nilai jual brand Anda.",,,,,,,,,,False
,,,"Kemasan  kualitas premium dari kategori . Dibuat dengan food-grade material yang menjamin keamanan produk Anda. Sangat ideal untuk menjaga kesegaran kopi, snack, atau produk UMKM lainnya. Tampilan profesional untuk meningkatkan nilai jual brand Anda.",,,,,,,,,,False
,,,"Kemasan  kualitas premium dari kategori . Dibuat dengan food-grade material yang menjamin keamanan produk Anda. Sangat ideal untuk menjaga kesegaran kopi, snack, atau produk UMKM lainnya. Tampilan profesional untuk meningkatkan nilai jual brand Anda.",,,,,,,,,,False
,,,"Kemasan  kualitas premium dari kategori . Dibuat dengan food-grade material yang menjamin keamanan produk Anda. Sangat ideal untuk menjaga kesegaran kopi, snack, atau produk UMKM lainnya. Tampilan profesional untuk meningkatkan nilai jual brand Anda.",,,,,,,,,,False
,,,"Kemasan  kualitas premium dari kategori . Dibuat dengan food-grade material yang menjamin keamanan produk Anda. Sangat ideal untuk menjaga kesegaran kopi, snack, atau produk UMKM lainnya. Tampilan profesional untuk meningkatkan nilai jual brand Anda.",,,,,,,,,,False
,,,"Kemasan  kualitas premium dari kategori . Dibuat dengan food-grade material yang menjamin keamanan produk Anda. Sangat ideal untuk menjaga kesegaran kopi, snack, atau produk UMKM lainnya. Tampilan profesional untuk meningkatkan nilai jual brand Anda.",,,,,,,,,,False
,,,"Kemasan  kualitas premium dari kategori . Dibuat dengan food-grade material yang menjamin keamanan produk Anda. Sangat ideal untuk menjaga kesegaran kopi, snack, atau produk UMKM lainnya. Tampilan profesional untuk meningkatkan nilai jual brand Anda.",,,,,,,,,,False
,,,"Kemasan  kualitas premium dari kategori . Dibuat dengan food-grade material yang menjamin keamanan produk Anda. Sangat ideal untuk menjaga kesegaran kopi, snack, atau produk UMKM lainnya. Tampilan profesional untuk meningkatkan nilai jual brand Anda.",,,,,,,,,,False
,,,"Kemasan  kualitas premium dari kategori . Dibuat dengan food-grade material yang menjamin keamanan produk Anda. Sangat ideal untuk menjaga kesegaran kopi, snack, atau produk UMKM lainnya. Tampilan profesional untuk meningkatkan nilai jual brand Anda.",,,,,,,,,,False
,,,"Kemasan  kualitas premium dari kategori . Dibuat dengan food-grade material yang menjamin keamanan produk Anda. Sangat ideal untuk menjaga kesegaran kopi, snack, atau produk UMKM lainnya. Tampilan profesional untuk meningkatkan nilai jual brand Anda.",,,,,,,,,,False
,,,"Kemasan  kualitas premium dari kategori . Dibuat dengan food-grade material yang menjamin keamanan produk Anda. Sangat ideal untuk menjaga kesegaran kopi, snack, atau produk UMKM lainnya. Tampilan profesional untuk meningkatkan nilai jual brand Anda.",,,,,,,,,,False
,,,"Kemasan  kualitas premium dari kategori . Dibuat dengan food-grade material yang menjamin keamanan produk Anda. Sangat ideal untuk menjaga kesegaran kopi, snack, atau produk UMKM lainnya. Tampilan profesional untuk meningkatkan nilai jual brand Anda.",,,,,,,,,,False
,,,"Kemasan  kualitas premium dari kategori . Dibuat dengan food-grade material yang menjamin keamanan produk Anda. Sangat ideal untuk menjaga kesegaran kopi, snack, atau produk UMKM lainnya. Tampilan profesional untuk meningkatkan nilai jual brand Anda.",,,,,,,,,,False
,,,"Kemasan  kualitas premium dari kategori . Dibuat dengan food-grade material yang menjamin keamanan produk Anda. Sangat ideal untuk menjaga kesegaran kopi, snack, atau produk UMKM lainnya. Tampilan profesional untuk meningkatkan nilai jual brand Anda.",,,,,,,,,,False
,,,"Kemasan  kualitas premium dari kategori . Dibuat dengan food-grade material yang menjamin keamanan produk Anda. Sangat ideal untuk menjaga kesegaran kopi, snack, atau produk UMKM lainnya. Tampilan profesional untuk meningkatkan nilai jual brand Anda.",,,,,,,,,,False
,,,"Kemasan  kualitas premium dari kategori . Dibuat dengan food-grade material yang menjamin keamanan produk Anda. Sangat ideal untuk menjaga kesegaran kopi, snack, atau produk UMKM lainnya. Tampilan profesional untuk meningkatkan nilai jual brand Anda.",,,,,,,,,,False
,,,"Kemasan  kualitas premium dari kategori . Dibuat dengan food-grade material yang menjamin keamanan produk Anda. Sangat ideal untuk menjaga kesegaran kopi, snack, atau produk UMKM lainnya. Tampilan profesional untuk meningkatkan nilai jual brand Anda.",,,,,,,,,,False
,,,"Kemasan  kualitas premium dari kategori . Dibuat dengan food-grade material yang menjamin keamanan produk Anda. Sangat ideal untuk menjaga kesegaran kopi, snack, atau produk UMKM lainnya. Tampilan profesional untuk meningkatkan nilai jual brand Anda.",,,,,,,,,,False
,,,"Kemasan  kualitas premium dari kategori . Dibuat dengan food-grade material yang menjamin keamanan produk Anda. Sangat ideal untuk menjaga kesegaran kopi, snack, atau produk UMKM lainnya. Tampilan profesional untuk meningkatkan nilai jual brand Anda.",,,,,,,,,,False
,,,"Kemasan  kualitas premium dari kategori . Dibuat dengan food-grade material yang menjamin keamanan produk Anda. Sangat ideal untuk menjaga kesegaran kopi, snack, atau produk UMKM lainnya. Tampilan profesional untuk meningkatkan nilai jual brand Anda.",,,,,,,,,,False
,,,"Kemasan  kualitas premium dari kategori . Dibuat dengan food-grade material yang menjamin keamanan produk Anda. Sangat ideal untuk menjaga kesegaran kopi, snack, atau produk UMKM lainnya. Tampilan profesional untuk meningkatkan nilai jual brand Anda.",,,,,,,,,,False
,,,"Kemasan  kualitas premium dari kategori . Dibuat dengan food-grade material yang menjamin keamanan produk Anda. Sangat ideal untuk menjaga kesegaran kopi, snack, atau produk UMKM lainnya. Tampilan profesional untuk meningkatkan nilai jual brand Anda.",,,,,,,,,,False
,,,"Kemasan  kualitas premium dari kategori . Dibuat dengan food-grade material yang menjamin keamanan produk Anda. Sangat ideal untuk menjaga kesegaran kopi, snack, atau produk UMKM lainnya. Tampilan profesional untuk meningkatkan nilai jual brand Anda.",,,,,,,,,,False
,,,"Kemasan  kualitas premium dari kategori . Dibuat dengan food-grade material yang menjamin keamanan produk Anda. Sangat ideal untuk menjaga kesegaran kopi, snack, atau produk UMKM lainnya. Tampilan profesional untuk meningkatkan nilai jual brand Anda.",,,,,,,,,,False
,,,"Kemasan  kualitas premium dari kategori . Dibuat dengan food-grade material yang menjamin keamanan produk Anda. Sangat ideal untuk menjaga kesegaran kopi, snack, atau produk UMKM lainnya. Tampilan profesional untuk meningkatkan nilai jual brand Anda.",,,,,,,,,,False
,,,"Kemasan  kualitas premium dari kategori . Dibuat dengan food-grade material yang menjamin keamanan produk Anda. Sangat ideal untuk menjaga kesegaran kopi, snack, atau produk UMKM lainnya. Tampilan profesional untuk meningkatkan nilai jual brand Anda.",,,,,,,,,,False
,,,"Kemasan  kualitas premium dari kategori . Dibuat dengan food-grade material yang menjamin keamanan produk Anda. Sangat ideal untuk menjaga kesegaran kopi, snack, atau produk UMKM lainnya. Tampilan profesional untuk meningkatkan nilai jual brand Anda.",,,,,,,,,,False
,,,"Kemasan  kualitas premium dari kategori . Dibuat dengan food-grade material yang menjamin keamanan produk Anda. Sangat ideal untuk menjaga kesegaran kopi, snack, atau produk UMKM lainnya. Tampilan profesional untuk meningkatkan nilai jual brand Anda.",,,,,,,,,,False
,,,"Kemasan  kualitas premium dari kategori . Dibuat dengan food-grade material yang menjamin keamanan produk Anda. Sangat ideal untuk menjaga kesegaran kopi, snack, atau produk UMKM lainnya. Tampilan profesional untuk meningkatkan nilai jual brand Anda.",,,,,,,,,,False
,,,"Kemasan  kualitas premium dari kategori . Dibuat dengan food-grade material yang menjamin keamanan produk Anda. Sangat ideal untuk menjaga kesegaran kopi, snack, atau produk UMKM lainnya. Tampilan profesional untuk meningkatkan nilai jual brand Anda.",,,,,,,,,,False
,,,"Kemasan  kualitas premium dari kategori . Dibuat dengan food-grade material yang menjamin keamanan produk Anda. Sangat ideal untuk menjaga kesegaran kopi, snack, atau produk UMKM lainnya. Tampilan profesional untuk meningkatkan nilai jual brand Anda.",,,,,,,,,,False
,,,"Kemasan  kualitas premium dari kategori . Dibuat dengan food-grade material yang menjamin keamanan produk Anda. Sangat ideal untuk menjaga kesegaran kopi, snack, atau produk UMKM lainnya. Tampilan profesional untuk meningkatkan nilai jual brand Anda.",,,,,,,,,,False
,,,"Kemasan  kualitas premium dari kategori . Dibuat dengan food-grade material yang menjamin keamanan produk Anda. Sangat ideal untuk menjaga kesegaran kopi, snack, atau produk UMKM lainnya. Tampilan profesional untuk meningkatkan nilai jual brand Anda.",,,,,,,,,,False
,,,"Kemasan  kualitas premium dari kategori . Dibuat dengan food-grade material yang menjamin keamanan produk Anda. Sangat ideal untuk menjaga kesegaran kopi, snack, atau produk UMKM lainnya. Tampilan profesional untuk meningkatkan nilai jual brand Anda.",,,,,,,,,,False
,,,"Kemasan  kualitas premium dari kategori . Dibuat dengan food-grade material yang menjamin keamanan produk Anda. Sangat ideal untuk menjaga kesegaran kopi, snack, atau produk UMKM lainnya. Tampilan profesional untuk meningkatkan nilai jual brand Anda.",,,,,,,,,,False
,,,"Kemasan  kualitas premium dari kategori . Dibuat dengan food-grade material yang menjamin keamanan produk Anda. Sangat ideal untuk menjaga kesegaran kopi, snack, atau produk UMKM lainnya. Tampilan profesional untuk meningkatkan nilai jual brand Anda.",,,,,,,,,,False
,,,"Kemasan  kualitas premium dari kategori . Dibuat dengan food-grade material yang menjamin keamanan produk Anda. Sangat ideal untuk menjaga kesegaran kopi, snack, atau produk UMKM lainnya. Tampilan profesional untuk meningkatkan nilai jual brand Anda.",,,,,,,,,,False
,,,"Kemasan  kualitas premium dari kategori . Dibuat dengan food-grade material yang menjamin keamanan produk Anda. Sangat ideal untuk menjaga kesegaran kopi, snack, atau produk UMKM lainnya. Tampilan profesional untuk meningkatkan nilai jual brand Anda.",,,,,,,,,,False
,,,"Kemasan  kualitas premium dari kategori . Dibuat dengan food-grade material yang menjamin keamanan produk Anda. Sangat ideal untuk menjaga kesegaran kopi, snack, atau produk UMKM lainnya. Tampilan profesional untuk meningkatkan nilai jual brand Anda.",,,,,,,,,,False
,,,"Kemasan  kualitas premium dari kategori . Dibuat dengan food-grade material yang menjamin keamanan produk Anda. Sangat ideal untuk menjaga kesegaran kopi, snack, atau produk UMKM lainnya. Tampilan profesional untuk meningkatkan nilai jual brand Anda.",,,,,,,,,,False
,,,"Kemasan  kualitas premium dari kategori . Dibuat dengan food-grade material yang menjamin keamanan produk Anda. Sangat ideal untuk menjaga kesegaran kopi, snack, atau produk UMKM lainnya. Tampilan profesional untuk meningkatkan nilai jual brand Anda.",,,,,,,,,,False
,,,"Kemasan  kualitas premium dari kategori . Dibuat dengan food-grade material yang menjamin keamanan produk Anda. Sangat ideal untuk menjaga kesegaran kopi, snack, atau produk UMKM lainnya. Tampilan profesional untuk meningkatkan nilai jual brand Anda.",,,,,,,,,,False
,,,"Kemasan  kualitas premium dari kategori . Dibuat dengan food-grade material yang menjamin keamanan produk Anda. Sangat ideal untuk menjaga kesegaran kopi, snack, atau produk UMKM lainnya. Tampilan profesional untuk meningkatkan nilai jual brand Anda.",,,,,,,,,,False
,,,"Kemasan  kualitas premium dari kategori . Dibuat dengan food-grade material yang menjamin keamanan produk Anda. Sangat ideal untuk menjaga kesegaran kopi, snack, atau produk UMKM lainnya. Tampilan profesional untuk meningkatkan nilai jual brand Anda.",,,,,,,,,,False
,,,"Kemasan  kualitas premium dari kategori . Dibuat dengan food-grade material yang menjamin keamanan produk Anda. Sangat ideal untuk menjaga kesegaran kopi, snack, atau produk UMKM lainnya. Tampilan profesional untuk meningkatkan nilai jual brand Anda.",,,,,,,,,,False
,,,"Kemasan  kualitas premium dari kategori . Dibuat dengan food-grade material yang menjamin keamanan produk Anda. Sangat ideal untuk menjaga kesegaran kopi, snack, atau produk UMKM lainnya. Tampilan profesional untuk meningkatkan nilai jual brand Anda.",,,,,,,,,,False
,,,"Kemasan  kualitas premium dari kategori . Dibuat dengan food-grade material yang menjamin keamanan produk Anda. Sangat ideal untuk menjaga kesegaran kopi, snack, atau produk UMKM lainnya. Tampilan profesional untuk meningkatkan nilai jual brand Anda.",,,,,,,,,,False
,,,"Kemasan  kualitas premium dari kategori . Dibuat dengan food-grade material yang menjamin keamanan produk Anda. Sangat ideal untuk menjaga kesegaran kopi, snack, atau produk UMKM lainnya. Tampilan profesional untuk meningkatkan nilai jual brand Anda.",,,,,,,,,,False
,,,"Kemasan  kualitas premium dari kategori . Dibuat dengan food-grade material yang menjamin keamanan produk Anda. Sangat ideal untuk menjaga kesegaran kopi, snack, atau produk UMKM lainnya. Tampilan profesional untuk meningkatkan nilai jual brand Anda.",,,,,,,,,,False
,,,"Kemasan  kualitas premium dari kategori . Dibuat dengan food-grade material yang menjamin keamanan produk Anda. Sangat ideal untuk menjaga kesegaran kopi, snack, atau produk UMKM lainnya. Tampilan profesional untuk meningkatkan nilai jual brand Anda.",,,,,,,,,,False
,,,"Kemasan  kualitas premium dari kategori . Dibuat dengan food-grade material yang menjamin keamanan produk Anda. Sangat ideal untuk menjaga kesegaran kopi, snack, atau produk UMKM lainnya. Tampilan profesional untuk meningkatkan nilai jual brand Anda.",,,,,,,,,,False
,,,"Kemasan  kualitas premium dari kategori . Dibuat dengan food-grade material yang menjamin keamanan produk Anda. Sangat ideal untuk menjaga kesegaran kopi, snack, atau produk UMKM lainnya. Tampilan profesional untuk meningkatkan nilai jual brand Anda.",,,,,,,,,,False
,,,"Kemasan  kualitas premium dari kategori . Dibuat dengan food-grade material yang menjamin keamanan produk Anda. Sangat ideal untuk menjaga kesegaran kopi, snack, atau produk UMKM lainnya. Tampilan profesional untuk meningkatkan nilai jual brand Anda.",,,,,,,,,,False
,,,"Kemasan  kualitas premium dari kategori . Dibuat dengan food-grade material yang menjamin keamanan produk Anda. Sangat ideal untuk menjaga kesegaran kopi, snack, atau produk UMKM lainnya. Tampilan profesional untuk meningkatkan nilai jual brand Anda.",,,,,,,,,,False
,,,"Kemasan  kualitas premium dari kategori . Dibuat dengan food-grade material yang menjamin keamanan produk Anda. Sangat ideal untuk menjaga kesegaran kopi, snack, atau produk UMKM lainnya. Tampilan profesional untuk meningkatkan nilai jual brand Anda.",,,,,,,,,,False
,,,"Kemasan  kualitas premium dari kategori . Dibuat dengan food-grade material yang menjamin keamanan produk Anda. Sangat ideal untuk menjaga kesegaran kopi, snack, atau produk UMKM lainnya. Tampilan profesional untuk meningkatkan nilai jual brand Anda.",,,,,,,,,,False
,,,"Kemasan  kualitas premium dari kategori . Dibuat dengan food-grade material yang menjamin keamanan produk Anda. Sangat ideal untuk menjaga kesegaran kopi, snack, atau produk UMKM lainnya. Tampilan profesional untuk meningkatkan nilai jual brand Anda.",,,,,,,,,,False
,,,"Kemasan  kualitas premium dari kategori . Dibuat dengan food-grade material yang menjamin keamanan produk Anda. Sangat ideal untuk menjaga kesegaran kopi, snack, atau produk UMKM lainnya. Tampilan profesional untuk meningkatkan nilai jual brand Anda.",,,,,,,,,,False
,,,"Kemasan  kualitas premium dari kategori . Dibuat dengan food-grade material yang menjamin keamanan produk Anda. Sangat ideal untuk menjaga kesegaran kopi, snack, atau produk UMKM lainnya. Tampilan profesional untuk meningkatkan nilai jual brand Anda.",,,,,,,,,,False
,,,"Kemasan  kualitas premium dari kategori . Dibuat dengan food-grade material yang menjamin keamanan produk Anda. Sangat ideal untuk menjaga kesegaran kopi, snack, atau produk UMKM lainnya. Tampilan profesional untuk meningkatkan nilai jual brand Anda.",,,,,,,,,,False
,,,"Kemasan  kualitas premium dari kategori . Dibuat dengan food-grade material yang menjamin keamanan produk Anda. Sangat ideal untuk menjaga kesegaran kopi, snack, atau produk UMKM lainnya. Tampilan profesional untuk meningkatkan nilai jual brand Anda.",,,,,,,,,,False
,,,"Kemasan  kualitas premium dari kategori . Dibuat dengan food-grade material yang menjamin keamanan produk Anda. Sangat ideal untuk menjaga kesegaran kopi, snack, atau produk UMKM lainnya. Tampilan profesional untuk meningkatkan nilai jual brand Anda.",,,,,,,,,,False
,,,"Kemasan  kualitas premium dari kategori . Dibuat dengan food-grade material yang menjamin keamanan produk Anda. Sangat ideal untuk menjaga kesegaran kopi, snack, atau produk UMKM lainnya. Tampilan profesional untuk meningkatkan nilai jual brand Anda.",,,,,,,,,,False
,,,"Kemasan  kualitas premium dari kategori . Dibuat dengan food-grade material yang menjamin keamanan produk Anda. Sangat ideal untuk menjaga kesegaran kopi, snack, atau produk UMKM lainnya. Tampilan profesional untuk meningkatkan nilai jual brand Anda.",,,,,,,,,,False
,,,"Kemasan  kualitas premium dari kategori . Dibuat dengan food-grade material yang menjamin keamanan produk Anda. Sangat ideal untuk menjaga kesegaran kopi, snack, atau produk UMKM lainnya. Tampilan profesional untuk meningkatkan nilai jual brand Anda.",,,,,,,,,,False
,,,"Kemasan  kualitas premium dari kategori . Dibuat dengan food-grade material yang menjamin keamanan produk Anda. Sangat ideal untuk menjaga kesegaran kopi, snack, atau produk UMKM lainnya. Tampilan profesional untuk meningkatkan nilai jual brand Anda.",,,,,,,,,,False
,,,"Kemasan  kualitas premium dari kategori . Dibuat dengan food-grade material yang menjamin keamanan produk Anda. Sangat ideal untuk menjaga kesegaran kopi, snack, atau produk UMKM lainnya. Tampilan profesional untuk meningkatkan nilai jual brand Anda.",,,,,,,,,,False
,,,"Kemasan  kualitas premium dari kategori . Dibuat dengan food-grade material yang menjamin keamanan produk Anda. Sangat ideal untuk menjaga kesegaran kopi, snack, atau produk UMKM lainnya. Tampilan profesional untuk meningkatkan nilai jual brand Anda.",,,,,,,,,,False
,,,"Kemasan  kualitas premium dari kategori . Dibuat dengan food-grade material yang menjamin keamanan produk Anda. Sangat ideal untuk menjaga kesegaran kopi, snack, atau produk UMKM lainnya. Tampilan profesional untuk meningkatkan nilai jual brand Anda.",,,,,,,,,,False
,,,"Kemasan  kualitas premium dari kategori . Dibuat dengan food-grade material yang menjamin keamanan produk Anda. Sangat ideal untuk menjaga kesegaran kopi, snack, atau produk UMKM lainnya. Tampilan profesional untuk meningkatkan nilai jual brand Anda.",,,,,,,,,,False
,,,"Kemasan  kualitas premium dari kategori . Dibuat dengan food-grade material yang menjamin keamanan produk Anda. Sangat ideal untuk menjaga kesegaran kopi, snack, atau produk UMKM lainnya. Tampilan profesional untuk meningkatkan nilai jual brand Anda.",,,,,,,,,,False
,,,"Kemasan  kualitas premium dari kategori . Dibuat dengan food-grade material yang menjamin keamanan produk Anda. Sangat ideal untuk menjaga kesegaran kopi, snack, atau produk UMKM lainnya. Tampilan profesional untuk meningkatkan nilai jual brand Anda.",,,,,,,,,,False
,,,"Kemasan  kualitas premium dari kategori . Dibuat dengan food-grade material yang menjamin keamanan produk Anda. Sangat ideal untuk menjaga kesegaran kopi, snack, atau produk UMKM lainnya. Tampilan profesional untuk meningkatkan nilai jual brand Anda.",,,,,,,,,,False
,,,"Kemasan  kualitas premium dari kategori . Dibuat dengan food-grade material yang menjamin keamanan produk Anda. Sangat ideal untuk menjaga kesegaran kopi, snack, atau produk UMKM lainnya. Tampilan profesional untuk meningkatkan nilai jual brand Anda.",,,,,,,,,,False
,,,"Kemasan  kualitas premium dari kategori . Dibuat dengan food-grade material yang menjamin keamanan produk Anda. Sangat ideal untuk menjaga kesegaran kopi, snack, atau produk UMKM lainnya. Tampilan profesional untuk meningkatkan nilai jual brand Anda.",,,,,,,,,,False
,,,"Kemasan  kualitas premium dari kategori . Dibuat dengan food-grade material yang menjamin keamanan produk Anda. Sangat ideal untuk menjaga kesegaran kopi, snack, atau produk UMKM lainnya. Tampilan profesional untuk meningkatkan nilai jual brand Anda.",,,,,,,,,,False
,,,"Kemasan  kualitas premium dari kategori . Dibuat dengan food-grade material yang menjamin keamanan produk Anda. Sangat ideal untuk menjaga kesegaran kopi, snack, atau produk UMKM lainnya. Tampilan profesional untuk meningkatkan nilai jual brand Anda.",,,,,,,,,,False
,,,"Kemasan  kualitas premium dari kategori . Dibuat dengan food-grade material yang menjamin keamanan produk Anda. Sangat ideal untuk menjaga kesegaran kopi, snack, atau produk UMKM lainnya. Tampilan profesional untuk meningkatkan nilai jual brand Anda.",,,,,,,,,,False
,,,"Kemasan  kualitas premium dari kategori . Dibuat dengan food-grade material yang menjamin keamanan produk Anda. Sangat ideal untuk menjaga kesegaran kopi, snack, atau produk UMKM lainnya. Tampilan profesional untuk meningkatkan nilai jual brand Anda.",,,,,,,,,,False
,,,"Kemasan  kualitas premium dari kategori . Dibuat dengan food-grade material yang menjamin keamanan produk Anda. Sangat ideal untuk menjaga kesegaran kopi, snack, atau produk UMKM lainnya. Tampilan profesional untuk meningkatkan nilai jual brand Anda.",,,,,,,,,,False
,,,"Kemasan  kualitas premium dari kategori . Dibuat dengan food-grade material yang menjamin keamanan produk Anda. Sangat ideal untuk menjaga kesegaran kopi, snack, atau produk UMKM lainnya. Tampilan profesional untuk meningkatkan nilai jual brand Anda.",,,,,,,,,,False
,,,"Kemasan  kualitas premium dari kategori . Dibuat dengan food-grade material yang menjamin keamanan produk Anda. Sangat ideal untuk menjaga kesegaran kopi, snack, atau produk UMKM lainnya. Tampilan profesional untuk meningkatkan nilai jual brand Anda.",,,,,,,,,,False
,,,"Kemasan  kualitas premium dari kategori . Dibuat dengan food-grade material yang menjamin keamanan produk Anda. Sangat ideal untuk menjaga kesegaran kopi, snack, atau produk UMKM lainnya. Tampilan profesional untuk meningkatkan nilai jual brand Anda.",,,,,,,,,,False
,,,"Kemasan  kualitas premium dari kategori . Dibuat dengan food-grade material yang menjamin keamanan produk Anda. Sangat ideal untuk menjaga kesegaran kopi, snack, atau produk UMKM lainnya. Tampilan profesional untuk meningkatkan nilai jual brand Anda.",,,,,,,,,,False
,,,"Kemasan  kualitas premium dari kategori . Dibuat dengan food-grade material yang menjamin keamanan produk Anda. Sangat ideal untuk menjaga kesegaran kopi, snack, atau produk UMKM lainnya. Tampilan profesional untuk meningkatkan nilai jual brand Anda.",,,,,,,,,,False
,,,"Kemasan  kualitas premium dari kategori . Dibuat dengan food-grade material yang menjamin keamanan produk Anda. Sangat ideal untuk menjaga kesegaran kopi, snack, atau produk UMKM lainnya. Tampilan profesional untuk meningkatkan nilai jual brand Anda.",,,,,,,,,,False
,,,"Kemasan  kualitas premium dari kategori . Dibuat dengan food-grade material yang menjamin keamanan produk Anda. Sangat ideal untuk menjaga kesegaran kopi, snack, atau produk UMKM lainnya. Tampilan profesional untuk meningkatkan nilai jual brand Anda.",,,,,,,,,,False
,,,"Kemasan  kualitas premium dari kategori . Dibuat dengan food-grade material yang menjamin keamanan produk Anda. Sangat ideal untuk menjaga kesegaran kopi, snack, atau produk UMKM lainnya. Tampilan profesional untuk meningkatkan nilai jual brand Anda.",,,,,,,,,,False
,,,"Kemasan  kualitas premium dari kategori . Dibuat dengan food-grade material yang menjamin keamanan produk Anda. Sangat ideal untuk menjaga kesegaran kopi, snack, atau produk UMKM lainnya. Tampilan profesional untuk meningkatkan nilai jual brand Anda.",,,,,,,,,,False
,,,"Kemasan  kualitas premium dari kategori . Dibuat dengan food-grade material yang menjamin keamanan produk Anda. Sangat ideal untuk menjaga kesegaran kopi, snack, atau produk UMKM lainnya. Tampilan profesional untuk meningkatkan nilai jual brand Anda.",,,,,,,,,,False
,,,"Kemasan  kualitas premium dari kategori . Dibuat dengan food-grade material yang menjamin keamanan produk Anda. Sangat ideal untuk menjaga kesegaran kopi, snack, atau produk UMKM lainnya. Tampilan profesional untuk meningkatkan nilai jual brand Anda.",,,,,,,,,,False
,,,"Kemasan  kualitas premium dari kategori . Dibuat dengan food-grade material yang menjamin keamanan produk Anda. Sangat ideal untuk menjaga kesegaran kopi, snack, atau produk UMKM lainnya. Tampilan profesional untuk meningkatkan nilai jual brand Anda.",,,,,,,,,,False
,,,"Kemasan  kualitas premium dari kategori . Dibuat dengan food-grade material yang menjamin keamanan produk Anda. Sangat ideal untuk menjaga kesegaran kopi, snack, atau produk UMKM lainnya. Tampilan profesional untuk meningkatkan nilai jual brand Anda.",,,,,,,,,,False
,,,"Kemasan  kualitas premium dari kategori . Dibuat dengan food-grade material yang menjamin keamanan produk Anda. Sangat ideal untuk menjaga kesegaran kopi, snack, atau produk UMKM lainnya. Tampilan profesional untuk meningkatkan nilai jual brand Anda.",,,,,,,,,,False
,,,"Kemasan  kualitas premium dari kategori . Dibuat dengan food-grade material yang menjamin keamanan produk Anda. Sangat ideal untuk menjaga kesegaran kopi, snack, atau produk UMKM lainnya. Tampilan profesional untuk meningkatkan nilai jual brand Anda.",,,,,,,,,,False
,,,"Kemasan  kualitas premium dari kategori . Dibuat dengan food-grade material yang menjamin keamanan produk Anda. Sangat ideal untuk menjaga kesegaran kopi, snack, atau produk UMKM lainnya. Tampilan profesional untuk meningkatkan nilai jual brand Anda.",,,,,,,,,,False
,,,"Kemasan  kualitas premium dari kategori . Dibuat dengan food-grade material yang menjamin keamanan produk Anda. Sangat ideal untuk menjaga kesegaran kopi, snack, atau produk UMKM lainnya. Tampilan profesional untuk meningkatkan nilai jual brand Anda.",,,,,,,,,,False
,,,"Kemasan  kualitas premium dari kategori . Dibuat dengan food-grade material yang menjamin keamanan produk Anda. Sangat ideal untuk menjaga kesegaran kopi, snack, atau produk UMKM lainnya. Tampilan profesional untuk meningkatkan nilai jual brand Anda.",,,,,,,,,,False
,,,"Kemasan  kualitas premium dari kategori . Dibuat dengan food-grade material yang menjamin keamanan produk Anda. Sangat ideal untuk menjaga kesegaran kopi, snack, atau produk UMKM lainnya. Tampilan profesional untuk meningkatkan nilai jual brand Anda.",,,,,,,,,,False
,,,"Kemasan  kualitas premium dari kategori . Dibuat dengan food-grade material yang menjamin keamanan produk Anda. Sangat ideal untuk menjaga kesegaran kopi, snack, atau produk UMKM lainnya. Tampilan profesional untuk meningkatkan nilai jual brand Anda.",,,,,,,,,,False
,,,"Kemasan  kualitas premium dari kategori . Dibuat dengan food-grade material yang menjamin keamanan produk Anda. Sangat ideal untuk menjaga kesegaran kopi, snack, atau produk UMKM lainnya. Tampilan profesional untuk meningkatkan nilai jual brand Anda.",,,,,,,,,,False
,,,"Kemasan  kualitas premium dari kategori . Dibuat dengan food-grade material yang menjamin keamanan produk Anda. Sangat ideal untuk menjaga kesegaran kopi, snack, atau produk UMKM lainnya. Tampilan profesional untuk meningkatkan nilai jual brand Anda.",,,,,,,,,,False
,,,"Kemasan  kualitas premium dari kategori . Dibuat dengan food-grade material yang menjamin keamanan produk Anda. Sangat ideal untuk menjaga kesegaran kopi, snack, atau produk UMKM lainnya. Tampilan profesional untuk meningkatkan nilai jual brand Anda.",,,,,,,,,,False
,,,"Kemasan  kualitas premium dari kategori . Dibuat dengan food-grade material yang menjamin keamanan produk Anda. Sangat ideal untuk menjaga kesegaran kopi, snack, atau produk UMKM lainnya. Tampilan profesional untuk meningkatkan nilai jual brand Anda.",,,,,,,,,,False
,,,"Kemasan  kualitas premium dari kategori . Dibuat dengan food-grade material yang menjamin keamanan produk Anda. Sangat ideal untuk menjaga kesegaran kopi, snack, atau produk UMKM lainnya. Tampilan profesional untuk meningkatkan nilai jual brand Anda.",,,,,,,,,,False
,,,"Kemasan  kualitas premium dari kategori . Dibuat dengan food-grade material yang menjamin keamanan produk Anda. Sangat ideal untuk menjaga kesegaran kopi, snack, atau produk UMKM lainnya. Tampilan profesional untuk meningkatkan nilai jual brand Anda.",,,,,,,,,,False
,,,"Kemasan  kualitas premium dari kategori . Dibuat dengan food-grade material yang menjamin keamanan produk Anda. Sangat ideal untuk menjaga kesegaran kopi, snack, atau produk UMKM lainnya. Tampilan profesional untuk meningkatkan nilai jual brand Anda.",,,,,,,,,,False
,,,"Kemasan  kualitas premium dari kategori . Dibuat dengan food-grade material yang menjamin keamanan produk Anda. Sangat ideal untuk menjaga kesegaran kopi, snack, atau produk UMKM lainnya. Tampilan profesional untuk meningkatkan nilai jual brand Anda.",,,,,,,,,,False
,,,"Kemasan  kualitas premium dari kategori . Dibuat dengan food-grade material yang menjamin keamanan produk Anda. Sangat ideal untuk menjaga kesegaran kopi, snack, atau produk UMKM lainnya. Tampilan profesional untuk meningkatkan nilai jual brand Anda.",,,,,,,,,,False
,,,"Kemasan  kualitas premium dari kategori . Dibuat dengan food-grade material yang menjamin keamanan produk Anda. Sangat ideal untuk menjaga kesegaran kopi, snack, atau produk UMKM lainnya. Tampilan profesional untuk meningkatkan nilai jual brand Anda.",,,,,,,,,,False
,,,"Kemasan  kualitas premium dari kategori . Dibuat dengan food-grade material yang menjamin keamanan produk Anda. Sangat ideal untuk menjaga kesegaran kopi, snack, atau produk UMKM lainnya. Tampilan profesional untuk meningkatkan nilai jual brand Anda.",,,,,,,,,,False
,,,"Kemasan  kualitas premium dari kategori . Dibuat dengan food-grade material yang menjamin keamanan produk Anda. Sangat ideal untuk menjaga kesegaran kopi, snack, atau produk UMKM lainnya. Tampilan profesional untuk meningkatkan nilai jual brand Anda.",,,,,,,,,,False
,,,"Kemasan  kualitas premium dari kategori . Dibuat dengan food-grade material yang menjamin keamanan produk Anda. Sangat ideal untuk menjaga kesegaran kopi, snack, atau produk UMKM lainnya. Tampilan profesional untuk meningkatkan nilai jual brand Anda.",,,,,,,,,,False
,,,"Kemasan  kualitas premium dari kategori . Dibuat dengan food-grade material yang menjamin keamanan produk Anda. Sangat ideal untuk menjaga kesegaran kopi, snack, atau produk UMKM lainnya. Tampilan profesional untuk meningkatkan nilai jual brand Anda.",,,,,,,,,,False
,,,"Kemasan  kualitas premium dari kategori . Dibuat dengan food-grade material yang menjamin keamanan produk Anda. Sangat ideal untuk menjaga kesegaran kopi, snack, atau produk UMKM lainnya. Tampilan profesional untuk meningkatkan nilai jual brand Anda.",,,,,,,,,,False
,,,"Kemasan  kualitas premium dari kategori . Dibuat dengan food-grade material yang menjamin keamanan produk Anda. Sangat ideal untuk menjaga kesegaran kopi, snack, atau produk UMKM lainnya. Tampilan profesional untuk meningkatkan nilai jual brand Anda.",,,,,,,,,,False
,,,"Kemasan  kualitas premium dari kategori . Dibuat dengan food-grade material yang menjamin keamanan produk Anda. Sangat ideal untuk menjaga kesegaran kopi, snack, atau produk UMKM lainnya. Tampilan profesional untuk meningkatkan nilai jual brand Anda.",,,,,,,,,,False
,,,"Kemasan  kualitas premium dari kategori . Dibuat dengan food-grade material yang menjamin keamanan produk Anda. Sangat ideal untuk menjaga kesegaran kopi, snack, atau produk UMKM lainnya. Tampilan profesional untuk meningkatkan nilai jual brand Anda.",,,,,,,,,,False
,,,"Kemasan  kualitas premium dari kategori . Dibuat dengan food-grade material yang menjamin keamanan produk Anda. Sangat ideal untuk menjaga kesegaran kopi, snack, atau produk UMKM lainnya. Tampilan profesional untuk meningkatkan nilai jual brand Anda.",,,,,,,,,,False
,,,"Kemasan  kualitas premium dari kategori . Dibuat dengan food-grade material yang menjamin keamanan produk Anda. Sangat ideal untuk menjaga kesegaran kopi, snack, atau produk UMKM lainnya. Tampilan profesional untuk meningkatkan nilai jual brand Anda.",,,,,,,,,,False
,,,"Kemasan  kualitas premium dari kategori . Dibuat dengan food-grade material yang menjamin keamanan produk Anda. Sangat ideal untuk menjaga kesegaran kopi, snack, atau produk UMKM lainnya. Tampilan profesional untuk meningkatkan nilai jual brand Anda.",,,,,,,,,,False
,,,"Kemasan  kualitas premium dari kategori . Dibuat dengan food-grade material yang menjamin keamanan produk Anda. Sangat ideal untuk menjaga kesegaran kopi, snack, atau produk UMKM lainnya. Tampilan profesional untuk meningkatkan nilai jual brand Anda.",,,,,,,,,,False
,,,"Kemasan  kualitas premium dari kategori . Dibuat dengan food-grade material yang menjamin keamanan produk Anda. Sangat ideal untuk menjaga kesegaran kopi, snack, atau produk UMKM lainnya. Tampilan profesional untuk meningkatkan nilai jual brand Anda.",,,,,,,,,,False
,,,"Kemasan  kualitas premium dari kategori . Dibuat dengan food-grade material yang menjamin keamanan produk Anda. Sangat ideal untuk menjaga kesegaran kopi, snack, atau produk UMKM lainnya. Tampilan profesional untuk meningkatkan nilai jual brand Anda.",,,,,,,,,,False
,,,"Kemasan  kualitas premium dari kategori . Dibuat dengan food-grade material yang menjamin keamanan produk Anda. Sangat ideal untuk menjaga kesegaran kopi, snack, atau produk UMKM lainnya. Tampilan profesional untuk meningkatkan nilai jual brand Anda.",,,,,,,,,,False
,,,"Kemasan  kualitas premium dari kategori . Dibuat dengan food-grade material yang menjamin keamanan produk Anda. Sangat ideal untuk menjaga kesegaran kopi, snack, atau produk UMKM lainnya. Tampilan profesional untuk meningkatkan nilai jual brand Anda.",,,,,,,,,,False
,,,"Kemasan  kualitas premium dari kategori . Dibuat dengan food-grade material yang menjamin keamanan produk Anda. Sangat ideal untuk menjaga kesegaran kopi, snack, atau produk UMKM lainnya. Tampilan profesional untuk meningkatkan nilai jual brand Anda.",,,,,,,,,,False
,,,"Kemasan  kualitas premium dari kategori . Dibuat dengan food-grade material yang menjamin keamanan produk Anda. Sangat ideal untuk menjaga kesegaran kopi, snack, atau produk UMKM lainnya. Tampilan profesional untuk meningkatkan nilai jual brand Anda.",,,,,,,,,,False
,,,"Kemasan  kualitas premium dari kategori . Dibuat dengan food-grade material yang menjamin keamanan produk Anda. Sangat ideal untuk menjaga kesegaran kopi, snack, atau produk UMKM lainnya. Tampilan profesional untuk meningkatkan nilai jual brand Anda.",,,,,,,,,,False
,,,"Kemasan  kualitas premium dari kategori . Dibuat dengan food-grade material yang menjamin keamanan produk Anda. Sangat ideal untuk menjaga kesegaran kopi, snack, atau produk UMKM lainnya. Tampilan profesional untuk meningkatkan nilai jual brand Anda.",,,,,,,,,,False
,,,"Kemasan  kualitas premium dari kategori . Dibuat dengan food-grade material yang menjamin keamanan produk Anda. Sangat ideal untuk menjaga kesegaran kopi, snack, atau produk UMKM lainnya. Tampilan profesional untuk meningkatkan nilai jual brand Anda.",,,,,,,,,,False
,,,"Kemasan  kualitas premium dari kategori . Dibuat dengan food-grade material yang menjamin keamanan produk Anda. Sangat ideal untuk menjaga kesegaran kopi, snack, atau produk UMKM lainnya. Tampilan profesional untuk meningkatkan nilai jual brand Anda.",,,,,,,,,,False
,,,"Kemasan  kualitas premium dari kategori . Dibuat dengan food-grade material yang menjamin keamanan produk Anda. Sangat ideal untuk menjaga kesegaran kopi, snack, atau produk UMKM lainnya. Tampilan profesional untuk meningkatkan nilai jual brand Anda.",,,,,,,,,,False
,,,"Kemasan  kualitas premium dari kategori . Dibuat dengan food-grade material yang menjamin keamanan produk Anda. Sangat ideal untuk menjaga kesegaran kopi, snack, atau produk UMKM lainnya. Tampilan profesional untuk meningkatkan nilai jual brand Anda.",,,,,,,,,,False
,,,"Kemasan  kualitas premium dari kategori . Dibuat dengan food-grade material yang menjamin keamanan produk Anda. Sangat ideal untuk menjaga kesegaran kopi, snack, atau produk UMKM lainnya. Tampilan profesional untuk meningkatkan nilai jual brand Anda.",,,,,,,,,,False
,,,"Kemasan  kualitas premium dari kategori . Dibuat dengan food-grade material yang menjamin keamanan produk Anda. Sangat ideal untuk menjaga kesegaran kopi, snack, atau produk UMKM lainnya. Tampilan profesional untuk meningkatkan nilai jual brand Anda.",,,,,,,,,,False
,,,"Kemasan  kualitas premium dari kategori . Dibuat dengan food-grade material yang menjamin keamanan produk Anda. Sangat ideal untuk menjaga kesegaran kopi, snack, atau produk UMKM lainnya. Tampilan profesional untuk meningkatkan nilai jual brand Anda.",,,,,,,,,,False
,,,"Kemasan  kualitas premium dari kategori . Dibuat dengan food-grade material yang menjamin keamanan produk Anda. Sangat ideal untuk menjaga kesegaran kopi, snack, atau produk UMKM lainnya. Tampilan profesional untuk meningkatkan nilai jual brand Anda.",,,,,,,,,,False
,,,"Kemasan  kualitas premium dari kategori . Dibuat dengan food-grade material yang menjamin keamanan produk Anda. Sangat ideal untuk menjaga kesegaran kopi, snack, atau produk UMKM lainnya. Tampilan profesional untuk meningkatkan nilai jual brand Anda.",,,,,,,,,,False
,,,"Kemasan  kualitas premium dari kategori . Dibuat dengan food-grade material yang menjamin keamanan produk Anda. Sangat ideal untuk menjaga kesegaran kopi, snack, atau produk UMKM lainnya. Tampilan profesional untuk meningkatkan nilai jual brand Anda.",,,,,,,,,,False
,,,"Kemasan  kualitas premium dari kategori . Dibuat dengan food-grade material yang menjamin keamanan produk Anda. Sangat ideal untuk menjaga kesegaran kopi, snack, atau produk UMKM lainnya. Tampilan profesional untuk meningkatkan nilai jual brand Anda.",,,,,,,,,,False
,,,"Kemasan  kualitas premium dari kategori . Dibuat dengan food-grade material yang menjamin keamanan produk Anda. Sangat ideal untuk menjaga kesegaran kopi, snack, atau produk UMKM lainnya. Tampilan profesional untuk meningkatkan nilai jual brand Anda.",,,,,,,,,,False
,,,"Kemasan  kualitas premium dari kategori . Dibuat dengan food-grade material yang menjamin keamanan produk Anda. Sangat ideal untuk menjaga kesegaran kopi, snack, atau produk UMKM lainnya. Tampilan profesional untuk meningkatkan nilai jual brand Anda.",,,,,,,,,,False
,,,"Kemasan  kualitas premium dari kategori . Dibuat dengan food-grade material yang menjamin keamanan produk Anda. Sangat ideal untuk menjaga kesegaran kopi, snack, atau produk UMKM lainnya. Tampilan profesional untuk meningkatkan nilai jual brand Anda.",,,,,,,,,,False
,,,"Kemasan  kualitas premium dari kategori . Dibuat dengan food-grade material yang menjamin keamanan produk Anda. Sangat ideal untuk menjaga kesegaran kopi, snack, atau produk UMKM lainnya. Tampilan profesional untuk meningkatkan nilai jual brand Anda.",,,,,,,,,,False
,,,"Kemasan  kualitas premium dari kategori . Dibuat dengan food-grade material yang menjamin keamanan produk Anda. Sangat ideal untuk menjaga kesegaran kopi, snack, atau produk UMKM lainnya. Tampilan profesional untuk meningkatkan nilai jual brand Anda.",,,,,,,,,,False
,,,"Kemasan  kualitas premium dari kategori . Dibuat dengan food-grade material yang menjamin keamanan produk Anda. Sangat ideal untuk menjaga kesegaran kopi, snack, atau produk UMKM lainnya. Tampilan profesional untuk meningkatkan nilai jual brand Anda.",,,,,,,,,,False
,,,"Kemasan  kualitas premium dari kategori . Dibuat dengan food-grade material yang menjamin keamanan produk Anda. Sangat ideal untuk menjaga kesegaran kopi, snack, atau produk UMKM lainnya. Tampilan profesional untuk meningkatkan nilai jual brand Anda.",,,,,,,,,,False
,,,"Kemasan  kualitas premium dari kategori . Dibuat dengan food-grade material yang menjamin keamanan produk Anda. Sangat ideal untuk menjaga kesegaran kopi, snack, atau produk UMKM lainnya. Tampilan profesional untuk meningkatkan nilai jual brand Anda.",,,,,,,,,,False
,,,"Kemasan  kualitas premium dari kategori . Dibuat dengan food-grade material yang menjamin keamanan produk Anda. Sangat ideal untuk menjaga kesegaran kopi, snack, atau produk UMKM lainnya. Tampilan profesional untuk meningkatkan nilai jual brand Anda.",,,,,,,,,,False
,,,"Kemasan  kualitas premium dari kategori . Dibuat dengan food-grade material yang menjamin keamanan produk Anda. Sangat ideal untuk menjaga kesegaran kopi, snack, atau produk UMKM lainnya. Tampilan profesional untuk meningkatkan nilai jual brand Anda.",,,,,,,,,,False
,,,"Kemasan  kualitas premium dari kategori . Dibuat dengan food-grade material yang menjamin keamanan produk Anda. Sangat ideal untuk menjaga kesegaran kopi, snack, atau produk UMKM lainnya. Tampilan profesional untuk meningkatkan nilai jual brand Anda.",,,,,,,,,,False
,,,"Kemasan  kualitas premium dari kategori . Dibuat dengan food-grade material yang menjamin keamanan produk Anda. Sangat ideal untuk menjaga kesegaran kopi, snack, atau produk UMKM lainnya. Tampilan profesional untuk meningkatkan nilai jual brand Anda.",,,,,,,,,,False
,,,"Kemasan  kualitas premium dari kategori . Dibuat dengan food-grade material yang menjamin keamanan produk Anda. Sangat ideal untuk menjaga kesegaran kopi, snack, atau produk UMKM lainnya. Tampilan profesional untuk meningkatkan nilai jual brand Anda.",,,,,,,,,,False
,,,"Kemasan  kualitas premium dari kategori . Dibuat dengan food-grade material yang menjamin keamanan produk Anda. Sangat ideal untuk menjaga kesegaran kopi, snack, atau produk UMKM lainnya. Tampilan profesional untuk meningkatkan nilai jual brand Anda.",,,,,,,,,,False
,,,"Kemasan  kualitas premium dari kategori . Dibuat dengan food-grade material yang menjamin keamanan produk Anda. Sangat ideal untuk menjaga kesegaran kopi, snack, atau produk UMKM lainnya. Tampilan profesional untuk meningkatkan nilai jual brand Anda.",,,,,,,,,,False
,,,"Kemasan  kualitas premium dari kategori . Dibuat dengan food-grade material yang menjamin keamanan produk Anda. Sangat ideal untuk menjaga kesegaran kopi, snack, atau produk UMKM lainnya. Tampilan profesional untuk meningkatkan nilai jual brand Anda.",,,,,,,,,,False
,,,"Kemasan  kualitas premium dari kategori . Dibuat dengan food-grade material yang menjamin keamanan produk Anda. Sangat ideal untuk menjaga kesegaran kopi, snack, atau produk UMKM lainnya. Tampilan profesional untuk meningkatkan nilai jual brand Anda.",,,,,,,,,,False
,,,"Kemasan  kualitas premium dari kategori . Dibuat dengan food-grade material yang menjamin keamanan produk Anda. Sangat ideal untuk menjaga kesegaran kopi, snack, atau produk UMKM lainnya. Tampilan profesional untuk meningkatkan nilai jual brand Anda.",,,,,,,,,,False
,,,"Kemasan  kualitas premium dari kategori . Dibuat dengan food-grade material yang menjamin keamanan produk Anda. Sangat ideal untuk menjaga kesegaran kopi, snack, atau produk UMKM lainnya. Tampilan profesional untuk meningkatkan nilai jual brand Anda.",,,,,,,,,,False
,,,"Kemasan  kualitas premium dari kategori . Dibuat dengan food-grade material yang menjamin keamanan produk Anda. Sangat ideal untuk menjaga kesegaran kopi, snack, atau produk UMKM lainnya. Tampilan profesional untuk meningkatkan nilai jual brand Anda.",,,,,,,,,,False
,,,"Kemasan  kualitas premium dari kategori . Dibuat dengan food-grade material yang menjamin keamanan produk Anda. Sangat ideal untuk menjaga kesegaran kopi, snack, atau produk UMKM lainnya. Tampilan profesional untuk meningkatkan nilai jual brand Anda.",,,,,,,,,,False
,,,"Kemasan  kualitas premium dari kategori . Dibuat dengan food-grade material yang menjamin keamanan produk Anda. Sangat ideal untuk menjaga kesegaran kopi, snack, atau produk UMKM lainnya. Tampilan profesional untuk meningkatkan nilai jual brand Anda.",,,,,,,,,,False
,,,"Kemasan  kualitas premium dari kategori . Dibuat dengan food-grade material yang menjamin keamanan produk Anda. Sangat ideal untuk menjaga kesegaran kopi, snack, atau produk UMKM lainnya. Tampilan profesional untuk meningkatkan nilai jual brand Anda.",,,,,,,,,,False
,,,"Kemasan  kualitas premium dari kategori . Dibuat dengan food-grade material yang menjamin keamanan produk Anda. Sangat ideal untuk menjaga kesegaran kopi, snack, atau produk UMKM lainnya. Tampilan profesional untuk meningkatkan nilai jual brand Anda.",,,,,,,,,,False
,,,"Kemasan  kualitas premium dari kategori . Dibuat dengan food-grade material yang menjamin keamanan produk Anda. Sangat ideal untuk menjaga kesegaran kopi, snack, atau produk UMKM lainnya. Tampilan profesional untuk meningkatkan nilai jual brand Anda.",,,,,,,,,,False
,,,"Kemasan  kualitas premium dari kategori . Dibuat dengan food-grade material yang menjamin keamanan produk Anda. Sangat ideal untuk menjaga kesegaran kopi, snack, atau produk UMKM lainnya. Tampilan profesional untuk meningkatkan nilai jual brand Anda.",,,,,,,,,,False
,,,"Kemasan  kualitas premium dari kategori . Dibuat dengan food-grade material yang menjamin keamanan produk Anda. Sangat ideal untuk menjaga kesegaran kopi, snack, atau produk UMKM lainnya. Tampilan profesional untuk meningkatkan nilai jual brand Anda.",,,,,,,,,,False
,,,"Kemasan  kualitas premium dari kategori . Dibuat dengan food-grade material yang menjamin keamanan produk Anda. Sangat ideal untuk menjaga kesegaran kopi, snack, atau produk UMKM lainnya. Tampilan profesional untuk meningkatkan nilai jual brand Anda.",,,,,,,,,,False
,,,"Kemasan  kualitas premium dari kategori . Dibuat dengan food-grade material yang menjamin keamanan produk Anda. Sangat ideal untuk menjaga kesegaran kopi, snack, atau produk UMKM lainnya. Tampilan profesional untuk meningkatkan nilai jual brand Anda.",,,,,,,,,,False
,,,"Kemasan  kualitas premium dari kategori . Dibuat dengan food-grade material yang menjamin keamanan produk Anda. Sangat ideal untuk menjaga kesegaran kopi, snack, atau produk UMKM lainnya. Tampilan profesional untuk meningkatkan nilai jual brand Anda.",,,,,,,,,,False
,,,"Kemasan  kualitas premium dari kategori . Dibuat dengan food-grade material yang menjamin keamanan produk Anda. Sangat ideal untuk menjaga kesegaran kopi, snack, atau produk UMKM lainnya. Tampilan profesional untuk meningkatkan nilai jual brand Anda.",,,,,,,,,,False
,,,"Kemasan  kualitas premium dari kategori . Dibuat dengan food-grade material yang menjamin keamanan produk Anda. Sangat ideal untuk menjaga kesegaran kopi, snack, atau produk UMKM lainnya. Tampilan profesional untuk meningkatkan nilai jual brand Anda.",,,,,,,,,,False
,,,"Kemasan  kualitas premium dari kategori . Dibuat dengan food-grade material yang menjamin keamanan produk Anda. Sangat ideal untuk menjaga kesegaran kopi, snack, atau produk UMKM lainnya. Tampilan profesional untuk meningkatkan nilai jual brand Anda.",,,,,,,,,,False
,,,"Kemasan  kualitas premium dari kategori . Dibuat dengan food-grade material yang menjamin keamanan produk Anda. Sangat ideal untuk menjaga kesegaran kopi, snack, atau produk UMKM lainnya. Tampilan profesional untuk meningkatkan nilai jual brand Anda.",,,,,,,,,,False
,,,"Kemasan  kualitas premium dari kategori . Dibuat dengan food-grade material yang menjamin keamanan produk Anda. Sangat ideal untuk menjaga kesegaran kopi, snack, atau produk UMKM lainnya. Tampilan profesional untuk meningkatkan nilai jual brand Anda.",,,,,,,,,,False
,,,"Kemasan  kualitas premium dari kategori . Dibuat dengan food-grade material yang menjamin keamanan produk Anda. Sangat ideal untuk menjaga kesegaran kopi, snack, atau produk UMKM lainnya. Tampilan profesional untuk meningkatkan nilai jual brand Anda.",,,,,,,,,,False
,,,"Kemasan  kualitas premium dari kategori . Dibuat dengan food-grade material yang menjamin keamanan produk Anda. Sangat ideal untuk menjaga kesegaran kopi, snack, atau produk UMKM lainnya. Tampilan profesional untuk meningkatkan nilai jual brand Anda.",,,,,,,,,,False
,,,"Kemasan  kualitas premium dari kategori . Dibuat dengan food-grade material yang menjamin keamanan produk Anda. Sangat ideal untuk menjaga kesegaran kopi, snack, atau produk UMKM lainnya. Tampilan profesional untuk meningkatkan nilai jual brand Anda.",,,,,,,,,,False
,,,"Kemasan  kualitas premium dari kategori . Dibuat dengan food-grade material yang menjamin keamanan produk Anda. Sangat ideal untuk menjaga kesegaran kopi, snack, atau produk UMKM lainnya. Tampilan profesional untuk meningkatkan nilai jual brand Anda.",,,,,,,,,,False
,,,"Kemasan  kualitas premium dari kategori . Dibuat dengan food-grade material yang menjamin keamanan produk Anda. Sangat ideal untuk menjaga kesegaran kopi, snack, atau produk UMKM lainnya. Tampilan profesional untuk meningkatkan nilai jual brand Anda.",,,,,,,,,,False
,,,"Kemasan  kualitas premium dari kategori . Dibuat dengan food-grade material yang menjamin keamanan produk Anda. Sangat ideal untuk menjaga kesegaran kopi, snack, atau produk UMKM lainnya. Tampilan profesional untuk meningkatkan nilai jual brand Anda.",,,,,,,,,,False
,,,"Kemasan  kualitas premium dari kategori . Dibuat dengan food-grade material yang menjamin keamanan produk Anda. Sangat ideal untuk menjaga kesegaran kopi, snack, atau produk UMKM lainnya. Tampilan profesional untuk meningkatkan nilai jual brand Anda.",,,,,,,,,,False
,,,"Kemasan  kualitas premium dari kategori . Dibuat dengan food-grade material yang menjamin keamanan produk Anda. Sangat ideal untuk menjaga kesegaran kopi, snack, atau produk UMKM lainnya. Tampilan profesional untuk meningkatkan nilai jual brand Anda.",,,,,,,,,,False
,,,"Kemasan  kualitas premium dari kategori . Dibuat dengan food-grade material yang menjamin keamanan produk Anda. Sangat ideal untuk menjaga kesegaran kopi, snack, atau produk UMKM lainnya. Tampilan profesional untuk meningkatkan nilai jual brand Anda.",,,,,,,,,,False
,,,"Kemasan  kualitas premium dari kategori . Dibuat dengan food-grade material yang menjamin keamanan produk Anda. Sangat ideal untuk menjaga kesegaran kopi, snack, atau produk UMKM lainnya. Tampilan profesional untuk meningkatkan nilai jual brand Anda.",,,,,,,,,,False
,,,"Kemasan  kualitas premium dari kategori . Dibuat dengan food-grade material yang menjamin keamanan produk Anda. Sangat ideal untuk menjaga kesegaran kopi, snack, atau produk UMKM lainnya. Tampilan profesional untuk meningkatkan nilai jual brand Anda.",,,,,,,,,,False
,,,"Kemasan  kualitas premium dari kategori . Dibuat dengan food-grade material yang menjamin keamanan produk Anda. Sangat ideal untuk menjaga kesegaran kopi, snack, atau produk UMKM lainnya. Tampilan profesional untuk meningkatkan nilai jual brand Anda.",,,,,,,,,,False
,,,"Kemasan  kualitas premium dari kategori . Dibuat dengan food-grade material yang menjamin keamanan produk Anda. Sangat ideal untuk menjaga kesegaran kopi, snack, atau produk UMKM lainnya. Tampilan profesional untuk meningkatkan nilai jual brand Anda.",,,,,,,,,,False
,,,"Kemasan  kualitas premium dari kategori . Dibuat dengan food-grade material yang menjamin keamanan produk Anda. Sangat ideal untuk menjaga kesegaran kopi, snack, atau produk UMKM lainnya. Tampilan profesional untuk meningkatkan nilai jual brand Anda.",,,,,,,,,,False
,,,"Kemasan  kualitas premium dari kategori . Dibuat dengan food-grade material yang menjamin keamanan produk Anda. Sangat ideal untuk menjaga kesegaran kopi, snack, atau produk UMKM lainnya. Tampilan profesional untuk meningkatkan nilai jual brand Anda.",,,,,,,,,,False
,,,"Kemasan  kualitas premium dari kategori . Dibuat dengan food-grade material yang menjamin keamanan produk Anda. Sangat ideal untuk menjaga kesegaran kopi, snack, atau produk UMKM lainnya. Tampilan profesional untuk meningkatkan nilai jual brand Anda.",,,,,,,,,,False
,,,"Kemasan  kualitas premium dari kategori . Dibuat dengan food-grade material yang menjamin keamanan produk Anda. Sangat ideal untuk menjaga kesegaran kopi, snack, atau produk UMKM lainnya. Tampilan profesional untuk meningkatkan nilai jual brand Anda.",,,,,,,,,,False
,,,"Kemasan  kualitas premium dari kategori . Dibuat dengan food-grade material yang menjamin keamanan produk Anda. Sangat ideal untuk menjaga kesegaran kopi, snack, atau produk UMKM lainnya. Tampilan profesional untuk meningkatkan nilai jual brand Anda.",,,,,,,,,,False
,,,"Kemasan  kualitas premium dari kategori . Dibuat dengan food-grade material yang menjamin keamanan produk Anda. Sangat ideal untuk menjaga kesegaran kopi, snack, atau produk UMKM lainnya. Tampilan profesional untuk meningkatkan nilai jual brand Anda.",,,,,,,,,,False
,,,"Kemasan  kualitas premium dari kategori . Dibuat dengan food-grade material yang menjamin keamanan produk Anda. Sangat ideal untuk menjaga kesegaran kopi, snack, atau produk UMKM lainnya. Tampilan profesional untuk meningkatkan nilai jual brand Anda.",,,,,,,,,,False
,,,"Kemasan  kualitas premium dari kategori . Dibuat dengan food-grade material yang menjamin keamanan produk Anda. Sangat ideal untuk menjaga kesegaran kopi, snack, atau produk UMKM lainnya. Tampilan profesional untuk meningkatkan nilai jual brand Anda.",,,,,,,,,,False
,,,"Kemasan  kualitas premium dari kategori . Dibuat dengan food-grade material yang menjamin keamanan produk Anda. Sangat ideal untuk menjaga kesegaran kopi, snack, atau produk UMKM lainnya. Tampilan profesional untuk meningkatkan nilai jual brand Anda.",,,,,,,,,,False
,,,"Kemasan  kualitas premium dari kategori . Dibuat dengan food-grade material yang menjamin keamanan produk Anda. Sangat ideal untuk menjaga kesegaran kopi, snack, atau produk UMKM lainnya. Tampilan profesional untuk meningkatkan nilai jual brand Anda.",,,,,,,,,,False
,,,"Kemasan  kualitas premium dari kategori . Dibuat dengan food-grade material yang menjamin keamanan produk Anda. Sangat ideal untuk menjaga kesegaran kopi, snack, atau produk UMKM lainnya. Tampilan profesional untuk meningkatkan nilai jual brand Anda.",,,,,,,,,,False
,,,"Kemasan  kualitas premium dari kategori . Dibuat dengan food-grade material yang menjamin keamanan produk Anda. Sangat ideal untuk menjaga kesegaran kopi, snack, atau produk UMKM lainnya. Tampilan profesional untuk meningkatkan nilai jual brand Anda.",,,,,,,,,,False
,,,"Kemasan  kualitas premium dari kategori . Dibuat dengan food-grade material yang menjamin keamanan produk Anda. Sangat ideal untuk menjaga kesegaran kopi, snack, atau produk UMKM lainnya. Tampilan profesional untuk meningkatkan nilai jual brand Anda.",,,,,,,,,,False
,,,"Kemasan  kualitas premium dari kategori . Dibuat dengan food-grade material yang menjamin keamanan produk Anda. Sangat ideal untuk menjaga kesegaran kopi, snack, atau produk UMKM lainnya. Tampilan profesional untuk meningkatkan nilai jual brand Anda.",,,,,,,,,,False
,,,"Kemasan  kualitas premium dari kategori . Dibuat dengan food-grade material yang menjamin keamanan produk Anda. Sangat ideal untuk menjaga kesegaran kopi, snack, atau produk UMKM lainnya. Tampilan profesional untuk meningkatkan nilai jual brand Anda.",,,,,,,,,,False
,,,"Kemasan  kualitas premium dari kategori . Dibuat dengan food-grade material yang menjamin keamanan produk Anda. Sangat ideal untuk menjaga kesegaran kopi, snack, atau produk UMKM lainnya. Tampilan profesional untuk meningkatkan nilai jual brand Anda.",,,,,,,,,,False
,,,"Kemasan  kualitas premium dari kategori . Dibuat dengan food-grade material yang menjamin keamanan produk Anda. Sangat ideal untuk menjaga kesegaran kopi, snack, atau produk UMKM lainnya. Tampilan profesional untuk meningkatkan nilai jual brand Anda.",,,,,,,,,,False
,,,"Kemasan  kualitas premium dari kategori . Dibuat dengan food-grade material yang menjamin keamanan produk Anda. Sangat ideal untuk menjaga kesegaran kopi, snack, atau produk UMKM lainnya. Tampilan profesional untuk meningkatkan nilai jual brand Anda.",,,,,,,,,,False
,,,"Kemasan  kualitas premium dari kategori . Dibuat dengan food-grade material yang menjamin keamanan produk Anda. Sangat ideal untuk menjaga kesegaran kopi, snack, atau produk UMKM lainnya. Tampilan profesional untuk meningkatkan nilai jual brand Anda.",,,,,,,,,,False
,,,"Kemasan  kualitas premium dari kategori . Dibuat dengan food-grade material yang menjamin keamanan produk Anda. Sangat ideal untuk menjaga kesegaran kopi, snack, atau produk UMKM lainnya. Tampilan profesional untuk meningkatkan nilai jual brand Anda.",,,,,,,,,,False
,,,"Kemasan  kualitas premium dari kategori . Dibuat dengan food-grade material yang menjamin keamanan produk Anda. Sangat ideal untuk menjaga kesegaran kopi, snack, atau produk UMKM lainnya. Tampilan profesional untuk meningkatkan nilai jual brand Anda.",,,,,,,,,,False
,,,"Kemasan  kualitas premium dari kategori . Dibuat dengan food-grade material yang menjamin keamanan produk Anda. Sangat ideal untuk menjaga kesegaran kopi, snack, atau produk UMKM lainnya. Tampilan profesional untuk meningkatkan nilai jual brand Anda.",,,,,,,,,,False
,,,"Kemasan  kualitas premium dari kategori . Dibuat dengan food-grade material yang menjamin keamanan produk Anda. Sangat ideal untuk menjaga kesegaran kopi, snack, atau produk UMKM lainnya. Tampilan profesional untuk meningkatkan nilai jual brand Anda.",,,,,,,,,,False
,,,"Kemasan  kualitas premium dari kategori . Dibuat dengan food-grade material yang menjamin keamanan produk Anda. Sangat ideal untuk menjaga kesegaran kopi, snack, atau produk UMKM lainnya. Tampilan profesional untuk meningkatkan nilai jual brand Anda.",,,,,,,,,,False
,,,"Kemasan  kualitas premium dari kategori . Dibuat dengan food-grade material yang menjamin keamanan produk Anda. Sangat ideal untuk menjaga kesegaran kopi, snack, atau produk UMKM lainnya. Tampilan profesional untuk meningkatkan nilai jual brand Anda.",,,,,,,,,,False
,,,"Kemasan  kualitas premium dari kategori . Dibuat dengan food-grade material yang menjamin keamanan produk Anda. Sangat ideal untuk menjaga kesegaran kopi, snack, atau produk UMKM lainnya. Tampilan profesional untuk meningkatkan nilai jual brand Anda.",,,,,,,,,,False
,,,"Kemasan  kualitas premium dari kategori . Dibuat dengan food-grade material yang menjamin keamanan produk Anda. Sangat ideal untuk menjaga kesegaran kopi, snack, atau produk UMKM lainnya. Tampilan profesional untuk meningkatkan nilai jual brand Anda.",,,,,,,,,,False
,,,"Kemasan  kualitas premium dari kategori . Dibuat dengan food-grade material yang menjamin keamanan produk Anda. Sangat ideal untuk menjaga kesegaran kopi, snack, atau produk UMKM lainnya. Tampilan profesional untuk meningkatkan nilai jual brand Anda.",,,,,,,,,,False
,,,"Kemasan  kualitas premium dari kategori . Dibuat dengan food-grade material yang menjamin keamanan produk Anda. Sangat ideal untuk menjaga kesegaran kopi, snack, atau produk UMKM lainnya. Tampilan profesional untuk meningkatkan nilai jual brand Anda.",,,,,,,,,,False
,,,"Kemasan  kualitas premium dari kategori . Dibuat dengan food-grade material yang menjamin keamanan produk Anda. Sangat ideal untuk menjaga kesegaran kopi, snack, atau produk UMKM lainnya. Tampilan profesional untuk meningkatkan nilai jual brand Anda.",,,,,,,,,,False
,,,"Kemasan  kualitas premium dari kategori . Dibuat dengan food-grade material yang menjamin keamanan produk Anda. Sangat ideal untuk menjaga kesegaran kopi, snack, atau produk UMKM lainnya. Tampilan profesional untuk meningkatkan nilai jual brand Anda.",,,,,,,,,,False
,,,"Kemasan  kualitas premium dari kategori . Dibuat dengan food-grade material yang menjamin keamanan produk Anda. Sangat ideal untuk menjaga kesegaran kopi, snack, atau produk UMKM lainnya. Tampilan profesional untuk meningkatkan nilai jual brand Anda.",,,,,,,,,,False
,,,"Kemasan  kualitas premium dari kategori . Dibuat dengan food-grade material yang menjamin keamanan produk Anda. Sangat ideal untuk menjaga kesegaran kopi, snack, atau produk UMKM lainnya. Tampilan profesional untuk meningkatkan nilai jual brand Anda.",,,,,,,,,,False
,,,"Kemasan  kualitas premium dari kategori . Dibuat dengan food-grade material yang menjamin keamanan produk Anda. Sangat ideal untuk menjaga kesegaran kopi, snack, atau produk UMKM lainnya. Tampilan profesional untuk meningkatkan nilai jual brand Anda.",,,,,,,,,,False
,,,"Kemasan  kualitas premium dari kategori . Dibuat dengan food-grade material yang menjamin keamanan produk Anda. Sangat ideal untuk menjaga kesegaran kopi, snack, atau produk UMKM lainnya. Tampilan profesional untuk meningkatkan nilai jual brand Anda.",,,,,,,,,,False
,,,"Kemasan  kualitas premium dari kategori . Dibuat dengan food-grade material yang menjamin keamanan produk Anda. Sangat ideal untuk menjaga kesegaran kopi, snack, atau produk UMKM lainnya. Tampilan profesional untuk meningkatkan nilai jual brand Anda.",,,,,,,,,,False
,,,"Kemasan  kualitas premium dari kategori . Dibuat dengan food-grade material yang menjamin keamanan produk Anda. Sangat ideal untuk menjaga kesegaran kopi, snack, atau produk UMKM lainnya. Tampilan profesional untuk meningkatkan nilai jual brand Anda.",,,,,,,,,,False
,,,"Kemasan  kualitas premium dari kategori . Dibuat dengan food-grade material yang menjamin keamanan produk Anda. Sangat ideal untuk menjaga kesegaran kopi, snack, atau produk UMKM lainnya. Tampilan profesional untuk meningkatkan nilai jual brand Anda.",,,,,,,,,,False
,,,"Kemasan  kualitas premium dari kategori . Dibuat dengan food-grade material yang menjamin keamanan produk Anda. Sangat ideal untuk menjaga kesegaran kopi, snack, atau produk UMKM lainnya. Tampilan profesional untuk meningkatkan nilai jual brand Anda.",,,,,,,,,,False
,,,"Kemasan  kualitas premium dari kategori . Dibuat dengan food-grade material yang menjamin keamanan produk Anda. Sangat ideal untuk menjaga kesegaran kopi, snack, atau produk UMKM lainnya. Tampilan profesional untuk meningkatkan nilai jual brand Anda.",,,,,,,,,,False
,,,"Kemasan  kualitas premium dari kategori . Dibuat dengan food-grade material yang menjamin keamanan produk Anda. Sangat ideal untuk menjaga kesegaran kopi, snack, atau produk UMKM lainnya. Tampilan profesional untuk meningkatkan nilai jual brand Anda.",,,,,,,,,,False
,,,"Kemasan  kualitas premium dari kategori . Dibuat dengan food-grade material yang menjamin keamanan produk Anda. Sangat ideal untuk menjaga kesegaran kopi, snack, atau produk UMKM lainnya. Tampilan profesional untuk meningkatkan nilai jual brand Anda.",,,,,,,,,,False
,,,"Kemasan  kualitas premium dari kategori . Dibuat dengan food-grade material yang menjamin keamanan produk Anda. Sangat ideal untuk menjaga kesegaran kopi, snack, atau produk UMKM lainnya. Tampilan profesional untuk meningkatkan nilai jual brand Anda.",,,,,,,,,,False
,,,"Kemasan  kualitas premium dari kategori . Dibuat dengan food-grade material yang menjamin keamanan produk Anda. Sangat ideal untuk menjaga kesegaran kopi, snack, atau produk UMKM lainnya. Tampilan profesional untuk meningkatkan nilai jual brand Anda.",,,,,,,,,,False
,,,"Kemasan  kualitas premium dari kategori . Dibuat dengan food-grade material yang menjamin keamanan produk Anda. Sangat ideal untuk menjaga kesegaran kopi, snack, atau produk UMKM lainnya. Tampilan profesional untuk meningkatkan nilai jual brand Anda.",,,,,,,,,,False
,,,"Kemasan  kualitas premium dari kategori . Dibuat dengan food-grade material yang menjamin keamanan produk Anda. Sangat ideal untuk menjaga kesegaran kopi, snack, atau produk UMKM lainnya. Tampilan profesional untuk meningkatkan nilai jual brand Anda.",,,,,,,,,,False
,,,"Kemasan  kualitas premium dari kategori . Dibuat dengan food-grade material yang menjamin keamanan produk Anda. Sangat ideal untuk menjaga kesegaran kopi, snack, atau produk UMKM lainnya. Tampilan profesional untuk meningkatkan nilai jual brand Anda.",,,,,,,,,,False
,,,"Kemasan  kualitas premium dari kategori . Dibuat dengan food-grade material yang menjamin keamanan produk Anda. Sangat ideal untuk menjaga kesegaran kopi, snack, atau produk UMKM lainnya. Tampilan profesional untuk meningkatkan nilai jual brand Anda.",,,,,,,,,,False
,,,"Kemasan  kualitas premium dari kategori . Dibuat dengan food-grade material yang menjamin keamanan produk Anda. Sangat ideal untuk menjaga kesegaran kopi, snack, atau produk UMKM lainnya. Tampilan profesional untuk meningkatkan nilai jual brand Anda.",,,,,,,,,,False
,,,"Kemasan  kualitas premium dari kategori . Dibuat dengan food-grade material yang menjamin keamanan produk Anda. Sangat ideal untuk menjaga kesegaran kopi, snack, atau produk UMKM lainnya. Tampilan profesional untuk meningkatkan nilai jual brand Anda.",,,,,,,,,,False
,,,"Kemasan  kualitas premium dari kategori . Dibuat dengan food-grade material yang menjamin keamanan produk Anda. Sangat ideal untuk menjaga kesegaran kopi, snack, atau produk UMKM lainnya. Tampilan profesional untuk meningkatkan nilai jual brand Anda.",,,,,,,,,,False
,,,"Kemasan  kualitas premium dari kategori . Dibuat dengan food-grade material yang menjamin keamanan produk Anda. Sangat ideal untuk menjaga kesegaran kopi, snack, atau produk UMKM lainnya. Tampilan profesional untuk meningkatkan nilai jual brand Anda.",,,,,,,,,,False
,,,"Kemasan  kualitas premium dari kategori . Dibuat dengan food-grade material yang menjamin keamanan produk Anda. Sangat ideal untuk menjaga kesegaran kopi, snack, atau produk UMKM lainnya. Tampilan profesional untuk meningkatkan nilai jual brand Anda.",,,,,,,,,,False
,,,"Kemasan  kualitas premium dari kategori . Dibuat dengan food-grade material yang menjamin keamanan produk Anda. Sangat ideal untuk menjaga kesegaran kopi, snack, atau produk UMKM lainnya. Tampilan profesional untuk meningkatkan nilai jual brand Anda.",,,,,,,,,,False
,,,"Kemasan  kualitas premium dari kategori . Dibuat dengan food-grade material yang menjamin keamanan produk Anda. Sangat ideal untuk menjaga kesegaran kopi, snack, atau produk UMKM lainnya. Tampilan profesional untuk meningkatkan nilai jual brand Anda.",,,,,,,,,,False
,,,"Kemasan  kualitas premium dari kategori . Dibuat dengan food-grade material yang menjamin keamanan produk Anda. Sangat ideal untuk menjaga kesegaran kopi, snack, atau produk UMKM lainnya. Tampilan profesional untuk meningkatkan nilai jual brand Anda.",,,,,,,,,,False
,,,"Kemasan  kualitas premium dari kategori . Dibuat dengan food-grade material yang menjamin keamanan produk Anda. Sangat ideal untuk menjaga kesegaran kopi, snack, atau produk UMKM lainnya. Tampilan profesional untuk meningkatkan nilai jual brand Anda.",,,,,,,,,,False
,,,"Kemasan  kualitas premium dari kategori . Dibuat dengan food-grade material yang menjamin keamanan produk Anda. Sangat ideal untuk menjaga kesegaran kopi, snack, atau produk UMKM lainnya. Tampilan profesional untuk meningkatkan nilai jual brand Anda.",,,,,,,,,,False
,,,"Kemasan  kualitas premium dari kategori . Dibuat dengan food-grade material yang menjamin keamanan produk Anda. Sangat ideal untuk menjaga kesegaran kopi, snack, atau produk UMKM lainnya. Tampilan profesional untuk meningkatkan nilai jual brand Anda.",,,,,,,,,,False
,,,"Kemasan  kualitas premium dari kategori . Dibuat dengan food-grade material yang menjamin keamanan produk Anda. Sangat ideal untuk menjaga kesegaran kopi, snack, atau produk UMKM lainnya. Tampilan profesional untuk meningkatkan nilai jual brand Anda.",,,,,,,,,,False
,,,"Kemasan  kualitas premium dari kategori . Dibuat dengan food-grade material yang menjamin keamanan produk Anda. Sangat ideal untuk menjaga kesegaran kopi, snack, atau produk UMKM lainnya. Tampilan profesional untuk meningkatkan nilai jual brand Anda.",,,,,,,,,,False
,,,"Kemasan  kualitas premium dari kategori . Dibuat dengan food-grade material yang menjamin keamanan produk Anda. Sangat ideal untuk menjaga kesegaran kopi, snack, atau produk UMKM lainnya. Tampilan profesional untuk meningkatkan nilai jual brand Anda.",,,,,,,,,,False
,,,"Kemasan  kualitas premium dari kategori . Dibuat dengan food-grade material yang menjamin keamanan produk Anda. Sangat ideal untuk menjaga kesegaran kopi, snack, atau produk UMKM lainnya. Tampilan profesional untuk meningkatkan nilai jual brand Anda.",,,,,,,,,,False
,,,"Kemasan  kualitas premium dari kategori . Dibuat dengan food-grade material yang menjamin keamanan produk Anda. Sangat ideal untuk menjaga kesegaran kopi, snack, atau produk UMKM lainnya. Tampilan profesional untuk meningkatkan nilai jual brand Anda.",,,,,,,,,,False
,,,"Kemasan  kualitas premium dari kategori . Dibuat dengan food-grade material yang menjamin keamanan produk Anda. Sangat ideal untuk menjaga kesegaran kopi, snack, atau produk UMKM lainnya. Tampilan profesional untuk meningkatkan nilai jual brand Anda.",,,,,,,,,,False
,,,"Kemasan  kualitas premium dari kategori . Dibuat dengan food-grade material yang menjamin keamanan produk Anda. Sangat ideal untuk menjaga kesegaran kopi, snack, atau produk UMKM lainnya. Tampilan profesional untuk meningkatkan nilai jual brand Anda.",,,,,,,,,,False
,,,"Kemasan  kualitas premium dari kategori . Dibuat dengan food-grade material yang menjamin keamanan produk Anda. Sangat ideal untuk menjaga kesegaran kopi, snack, atau produk UMKM lainnya. Tampilan profesional untuk meningkatkan nilai jual brand Anda.",,,,,,,,,,False
,,,"Kemasan  kualitas premium dari kategori . Dibuat dengan food-grade material yang menjamin keamanan produk Anda. Sangat ideal untuk menjaga kesegaran kopi, snack, atau produk UMKM lainnya. Tampilan profesional untuk meningkatkan nilai jual brand Anda.",,,,,,,,,,False
,,,"Kemasan  kualitas premium dari kategori . Dibuat dengan food-grade material yang menjamin keamanan produk Anda. Sangat ideal untuk menjaga kesegaran kopi, snack, atau produk UMKM lainnya. Tampilan profesional untuk meningkatkan nilai jual brand Anda.",,,,,,,,,,False
,,,"Kemasan  kualitas premium dari kategori . Dibuat dengan food-grade material yang menjamin keamanan produk Anda. Sangat ideal untuk menjaga kesegaran kopi, snack, atau produk UMKM lainnya. Tampilan profesional untuk meningkatkan nilai jual brand Anda.",,,,,,,,,,False
,,,"Kemasan  kualitas premium dari kategori . Dibuat dengan food-grade material yang menjamin keamanan produk Anda. Sangat ideal untuk menjaga kesegaran kopi, snack, atau produk UMKM lainnya. Tampilan profesional untuk meningkatkan nilai jual brand Anda.",,,,,,,,,,False
,,,"Kemasan  kualitas premium dari kategori . Dibuat dengan food-grade material yang menjamin keamanan produk Anda. Sangat ideal untuk menjaga kesegaran kopi, snack, atau produk UMKM lainnya. Tampilan profesional untuk meningkatkan nilai jual brand Anda.",,,,,,,,,,False
,,,"Kemasan  kualitas premium dari kategori . Dibuat dengan food-grade material yang menjamin keamanan produk Anda. Sangat ideal untuk menjaga kesegaran kopi, snack, atau produk UMKM lainnya. Tampilan profesional untuk meningkatkan nilai jual brand Anda.",,,,,,,,,,False
,,,"Kemasan  kualitas premium dari kategori . Dibuat dengan food-grade material yang menjamin keamanan produk Anda. Sangat ideal untuk menjaga kesegaran kopi, snack, atau produk UMKM lainnya. Tampilan profesional untuk meningkatkan nilai jual brand Anda.",,,,,,,,,,False
,,,"Kemasan  kualitas premium dari kategori . Dibuat dengan food-grade material yang menjamin keamanan produk Anda. Sangat ideal untuk menjaga kesegaran kopi, snack, atau produk UMKM lainnya. Tampilan profesional untuk meningkatkan nilai jual brand Anda.",,,,,,,,,,False
,,,"Kemasan  kualitas premium dari kategori . Dibuat dengan food-grade material yang menjamin keamanan produk Anda. Sangat ideal untuk menjaga kesegaran kopi, snack, atau produk UMKM lainnya. Tampilan profesional untuk meningkatkan nilai jual brand Anda.",,,,,,,,,,False
,,,"Kemasan  kualitas premium dari kategori . Dibuat dengan food-grade material yang menjamin keamanan produk Anda. Sangat ideal untuk menjaga kesegaran kopi, snack, atau produk UMKM lainnya. Tampilan profesional untuk meningkatkan nilai jual brand Anda.",,,,,,,,,,False
,,,"Kemasan  kualitas premium dari kategori . Dibuat dengan food-grade material yang menjamin keamanan produk Anda. Sangat ideal untuk menjaga kesegaran kopi, snack, atau produk UMKM lainnya. Tampilan profesional untuk meningkatkan nilai jual brand Anda.",,,,,,,,,,False
,,,"Kemasan  kualitas premium dari kategori . Dibuat dengan food-grade material yang menjamin keamanan produk Anda. Sangat ideal untuk menjaga kesegaran kopi, snack, atau produk UMKM lainnya. Tampilan profesional untuk meningkatkan nilai jual brand Anda.",,,,,,,,,,False
,,,"Kemasan  kualitas premium dari kategori . Dibuat dengan food-grade material yang menjamin keamanan produk Anda. Sangat ideal untuk menjaga kesegaran kopi, snack, atau produk UMKM lainnya. Tampilan profesional untuk meningkatkan nilai jual brand Anda.",,,,,,,,,,False
,,,"Kemasan  kualitas premium dari kategori . Dibuat dengan food-grade material yang menjamin keamanan produk Anda. Sangat ideal untuk menjaga kesegaran kopi, snack, atau produk UMKM lainnya. Tampilan profesional untuk meningkatkan nilai jual brand Anda.",,,,,,,,,,False
,,,"Kemasan  kualitas premium dari kategori . Dibuat dengan food-grade material yang menjamin keamanan produk Anda. Sangat ideal untuk menjaga kesegaran kopi, snack, atau produk UMKM lainnya. Tampilan profesional untuk meningkatkan nilai jual brand Anda.",,,,,,,,,,False
,,,"Kemasan  kualitas premium dari kategori . Dibuat dengan food-grade material yang menjamin keamanan produk Anda. Sangat ideal untuk menjaga kesegaran kopi, snack, atau produk UMKM lainnya. Tampilan profesional untuk meningkatkan nilai jual brand Anda.",,,,,,,,,,False
,,,"Kemasan  kualitas premium dari kategori . Dibuat dengan food-grade material yang menjamin keamanan produk Anda. Sangat ideal untuk menjaga kesegaran kopi, snack, atau produk UMKM lainnya. Tampilan profesional untuk meningkatkan nilai jual brand Anda.",,,,,,,,,,False
,,,"Kemasan  kualitas premium dari kategori . Dibuat dengan food-grade material yang menjamin keamanan produk Anda. Sangat ideal untuk menjaga kesegaran kopi, snack, atau produk UMKM lainnya. Tampilan profesional untuk meningkatkan nilai jual brand Anda.",,,,,,,,,,False
,,,"Kemasan  kualitas premium dari kategori . Dibuat dengan food-grade material yang menjamin keamanan produk Anda. Sangat ideal untuk menjaga kesegaran kopi, snack, atau produk UMKM lainnya. Tampilan profesional untuk meningkatkan nilai jual brand Anda.",,,,,,,,,,False
,,,"Kemasan  kualitas premium dari kategori . Dibuat dengan food-grade material yang menjamin keamanan produk Anda. Sangat ideal untuk menjaga kesegaran kopi, snack, atau produk UMKM lainnya. Tampilan profesional untuk meningkatkan nilai jual brand Anda.",,,,,,,,,,False
,,,"Kemasan  kualitas premium dari kategori . Dibuat dengan food-grade material yang menjamin keamanan produk Anda. Sangat ideal untuk menjaga kesegaran kopi, snack, atau produk UMKM lainnya. Tampilan profesional untuk meningkatkan nilai jual brand Anda.",,,,,,,,,,False
,,,"Kemasan  kualitas premium dari kategori . Dibuat dengan food-grade material yang menjamin keamanan produk Anda. Sangat ideal untuk menjaga kesegaran kopi, snack, atau produk UMKM lainnya. Tampilan profesional untuk meningkatkan nilai jual brand Anda.",,,,,,,,,,False
,,,"Kemasan  kualitas premium dari kategori . Dibuat dengan food-grade material yang menjamin keamanan produk Anda. Sangat ideal untuk menjaga kesegaran kopi, snack, atau produk UMKM lainnya. Tampilan profesional untuk meningkatkan nilai jual brand Anda.",,,,,,,,,,False
,,,"Kemasan  kualitas premium dari kategori . Dibuat dengan food-grade material yang menjamin keamanan produk Anda. Sangat ideal untuk menjaga kesegaran kopi, snack, atau produk UMKM lainnya. Tampilan profesional untuk meningkatkan nilai jual brand Anda.",,,,,,,,,,False
,,,"Kemasan  kualitas premium dari kategori . Dibuat dengan food-grade material yang menjamin keamanan produk Anda. Sangat ideal untuk menjaga kesegaran kopi, snack, atau produk UMKM lainnya. Tampilan profesional untuk meningkatkan nilai jual brand Anda.",,,,,,,,,,False
,,,"Kemasan  kualitas premium dari kategori . Dibuat dengan food-grade material yang menjamin keamanan produk Anda. Sangat ideal untuk menjaga kesegaran kopi, snack, atau produk UMKM lainnya. Tampilan profesional untuk meningkatkan nilai jual brand Anda.",,,,,,,,,,False
,,,"Kemasan  kualitas premium dari kategori . Dibuat dengan food-grade material yang menjamin keamanan produk Anda. Sangat ideal untuk menjaga kesegaran kopi, snack, atau produk UMKM lainnya. Tampilan profesional untuk meningkatkan nilai jual brand Anda.",,,,,,,,,,False
,,,"Kemasan  kualitas premium dari kategori . Dibuat dengan food-grade material yang menjamin keamanan produk Anda. Sangat ideal untuk menjaga kesegaran kopi, snack, atau produk UMKM lainnya. Tampilan profesional untuk meningkatkan nilai jual brand Anda.",,,,,,,,,,False
,,,"Kemasan  kualitas premium dari kategori . Dibuat dengan food-grade material yang menjamin keamanan produk Anda. Sangat ideal untuk menjaga kesegaran kopi, snack, atau produk UMKM lainnya. Tampilan profesional untuk meningkatkan nilai jual brand Anda.",,,,,,,,,,False
,,,"Kemasan  kualitas premium dari kategori . Dibuat dengan food-grade material yang menjamin keamanan produk Anda. Sangat ideal untuk menjaga kesegaran kopi, snack, atau produk UMKM lainnya. Tampilan profesional untuk meningkatkan nilai jual brand Anda.",,,,,,,,,,False
,,,"Kemasan  kualitas premium dari kategori . Dibuat dengan food-grade material yang menjamin keamanan produk Anda. Sangat ideal untuk menjaga kesegaran kopi, snack, atau produk UMKM lainnya. Tampilan profesional untuk meningkatkan nilai jual brand Anda.",,,,,,,,,,False
,,,"Kemasan  kualitas premium dari kategori . Dibuat dengan food-grade material yang menjamin keamanan produk Anda. Sangat ideal untuk menjaga kesegaran kopi, snack, atau produk UMKM lainnya. Tampilan profesional untuk meningkatkan nilai jual brand Anda.",,,,,,,,,,False
,,,"Kemasan  kualitas premium dari kategori . Dibuat dengan food-grade material yang menjamin keamanan produk Anda. Sangat ideal untuk menjaga kesegaran kopi, snack, atau produk UMKM lainnya. Tampilan profesional untuk meningkatkan nilai jual brand Anda.",,,,,,,,,,False
,,,"Kemasan  kualitas premium dari kategori . Dibuat dengan food-grade material yang menjamin keamanan produk Anda. Sangat ideal untuk menjaga kesegaran kopi, snack, atau produk UMKM lainnya. Tampilan profesional untuk meningkatkan nilai jual brand Anda.",,,,,,,,,,False
,,,"Kemasan  kualitas premium dari kategori . Dibuat dengan food-grade material yang menjamin keamanan produk Anda. Sangat ideal untuk menjaga kesegaran kopi, snack, atau produk UMKM lainnya. Tampilan profesional untuk meningkatkan nilai jual brand Anda.",,,,,,,,,,False
,,,"Kemasan  kualitas premium dari kategori . Dibuat dengan food-grade material yang menjamin keamanan produk Anda. Sangat ideal untuk menjaga kesegaran kopi, snack, atau produk UMKM lainnya. Tampilan profesional untuk meningkatkan nilai jual brand Anda.",,,,,,,,,,False
,,,"Kemasan  kualitas premium dari kategori . Dibuat dengan food-grade material yang menjamin keamanan produk Anda. Sangat ideal untuk menjaga kesegaran kopi, snack, atau produk UMKM lainnya. Tampilan profesional untuk meningkatkan nilai jual brand Anda.",,,,,,,,,,False
,,,"Kemasan  kualitas premium dari kategori . Dibuat dengan food-grade material yang menjamin keamanan produk Anda. Sangat ideal untuk menjaga kesegaran kopi, snack, atau produk UMKM lainnya. Tampilan profesional untuk meningkatkan nilai jual brand Anda.",,,,,,,,,,False
,,,"Kemasan  kualitas premium dari kategori . Dibuat dengan food-grade material yang menjamin keamanan produk Anda. Sangat ideal untuk menjaga kesegaran kopi, snack, atau produk UMKM lainnya. Tampilan profesional untuk meningkatkan nilai jual brand Anda.",,,,,,,,,,False
,,,"Kemasan  kualitas premium dari kategori . Dibuat dengan food-grade material yang menjamin keamanan produk Anda. Sangat ideal untuk menjaga kesegaran kopi, snack, atau produk UMKM lainnya. Tampilan profesional untuk meningkatkan nilai jual brand Anda.",,,,,,,,,,False
,,,"Kemasan  kualitas premium dari kategori . Dibuat dengan food-grade material yang menjamin keamanan produk Anda. Sangat ideal untuk menjaga kesegaran kopi, snack, atau produk UMKM lainnya. Tampilan profesional untuk meningkatkan nilai jual brand Anda.",,,,,,,,,,False
,,,"Kemasan  kualitas premium dari kategori . Dibuat dengan food-grade material yang menjamin keamanan produk Anda. Sangat ideal untuk menjaga kesegaran kopi, snack, atau produk UMKM lainnya. Tampilan profesional untuk meningkatkan nilai jual brand Anda.",,,,,,,,,,False
,,,"Kemasan  kualitas premium dari kategori . Dibuat dengan food-grade material yang menjamin keamanan produk Anda. Sangat ideal untuk menjaga kesegaran kopi, snack, atau produk UMKM lainnya. Tampilan profesional untuk meningkatkan nilai jual brand Anda.",,,,,,,,,,False
,,,"Kemasan  kualitas premium dari kategori . Dibuat dengan food-grade material yang menjamin keamanan produk Anda. Sangat ideal untuk menjaga kesegaran kopi, snack, atau produk UMKM lainnya. Tampilan profesional untuk meningkatkan nilai jual brand Anda.",,,,,,,,,,False
,,,"Kemasan  kualitas premium dari kategori . Dibuat dengan food-grade material yang menjamin keamanan produk Anda. Sangat ideal untuk menjaga kesegaran kopi, snack, atau produk UMKM lainnya. Tampilan profesional untuk meningkatkan nilai jual brand Anda.",,,,,,,,,,False
,,,"Kemasan  kualitas premium dari kategori . Dibuat dengan food-grade material yang menjamin keamanan produk Anda. Sangat ideal untuk menjaga kesegaran kopi, snack, atau produk UMKM lainnya. Tampilan profesional untuk meningkatkan nilai jual brand Anda.",,,,,,,,,,False
,,,"Kemasan  kualitas premium dari kategori . Dibuat dengan food-grade material yang menjamin keamanan produk Anda. Sangat ideal untuk menjaga kesegaran kopi, snack, atau produk UMKM lainnya. Tampilan profesional untuk meningkatkan nilai jual brand Anda.",,,,,,,,,,False
,,,"Kemasan  kualitas premium dari kategori . Dibuat dengan food-grade material yang menjamin keamanan produk Anda. Sangat ideal untuk menjaga kesegaran kopi, snack, atau produk UMKM lainnya. Tampilan profesional untuk meningkatkan nilai jual brand Anda.",,,,,,,,,,False
,,,"Kemasan  kualitas premium dari kategori . Dibuat dengan food-grade material yang menjamin keamanan produk Anda. Sangat ideal untuk menjaga kesegaran kopi, snack, atau produk UMKM lainnya. Tampilan profesional untuk meningkatkan nilai jual brand Anda.",,,,,,,,,,False
,,,"Kemasan  kualitas premium dari kategori . Dibuat dengan food-grade material yang menjamin keamanan produk Anda. Sangat ideal untuk menjaga kesegaran kopi, snack, atau produk UMKM lainnya. Tampilan profesional untuk meningkatkan nilai jual brand Anda.",,,,,,,,,,False
,,,"Kemasan  kualitas premium dari kategori . Dibuat dengan food-grade material yang menjamin keamanan produk Anda. Sangat ideal untuk menjaga kesegaran kopi, snack, atau produk UMKM lainnya. Tampilan profesional untuk meningkatkan nilai jual brand Anda.",,,,,,,,,,False
,,,"Kemasan  kualitas premium dari kategori . Dibuat dengan food-grade material yang menjamin keamanan produk Anda. Sangat ideal untuk menjaga kesegaran kopi, snack, atau produk UMKM lainnya. Tampilan profesional untuk meningkatkan nilai jual brand Anda.",,,,,,,,,,False
,,,"Kemasan  kualitas premium dari kategori . Dibuat dengan food-grade material yang menjamin keamanan produk Anda. Sangat ideal untuk menjaga kesegaran kopi, snack, atau produk UMKM lainnya. Tampilan profesional untuk meningkatkan nilai jual brand Anda.",,,,,,,,,,False
,,,"Kemasan  kualitas premium dari kategori . Dibuat dengan food-grade material yang menjamin keamanan produk Anda. Sangat ideal untuk menjaga kesegaran kopi, snack, atau produk UMKM lainnya. Tampilan profesional untuk meningkatkan nilai jual brand Anda.",,,,,,,,,,False
,,,"Kemasan  kualitas premium dari kategori . Dibuat dengan food-grade material yang menjamin keamanan produk Anda. Sangat ideal untuk menjaga kesegaran kopi, snack, atau produk UMKM lainnya. Tampilan profesional untuk meningkatkan nilai jual brand Anda.",,,,,,,,,,False
,,,"Kemasan  kualitas premium dari kategori . Dibuat dengan food-grade material yang menjamin keamanan produk Anda. Sangat ideal untuk menjaga kesegaran kopi, snack, atau produk UMKM lainnya. Tampilan profesional untuk meningkatkan nilai jual brand Anda.",,,,,,,,,,False
,,,"Kemasan  kualitas premium dari kategori . Dibuat dengan food-grade material yang menjamin keamanan produk Anda. Sangat ideal untuk menjaga kesegaran kopi, snack, atau produk UMKM lainnya. Tampilan profesional untuk meningkatkan nilai jual brand Anda.",,,,,,,,,,False
,,,"Kemasan  kualitas premium dari kategori . Dibuat dengan food-grade material yang menjamin keamanan produk Anda. Sangat ideal untuk menjaga kesegaran kopi, snack, atau produk UMKM lainnya. Tampilan profesional untuk meningkatkan nilai jual brand Anda.",,,,,,,,,,False
,,,"Kemasan  kualitas premium dari kategori . Dibuat dengan food-grade material yang menjamin keamanan produk Anda. Sangat ideal untuk menjaga kesegaran kopi, snack, atau produk UMKM lainnya. Tampilan profesional untuk meningkatkan nilai jual brand Anda.",,,,,,,,,,False
,,,"Kemasan  kualitas premium dari kategori . Dibuat dengan food-grade material yang menjamin keamanan produk Anda. Sangat ideal untuk menjaga kesegaran kopi, snack, atau produk UMKM lainnya. Tampilan profesional untuk meningkatkan nilai jual brand Anda.",,,,,,,,,,False
,,,"Kemasan  kualitas premium dari kategori . Dibuat dengan food-grade material yang menjamin keamanan produk Anda. Sangat ideal untuk menjaga kesegaran kopi, snack, atau produk UMKM lainnya. Tampilan profesional untuk meningkatkan nilai jual brand Anda.",,,,,,,,,,False
,,,"Kemasan  kualitas premium dari kategori . Dibuat dengan food-grade material yang menjamin keamanan produk Anda. Sangat ideal untuk menjaga kesegaran kopi, snack, atau produk UMKM lainnya. Tampilan profesional untuk meningkatkan nilai jual brand Anda.",,,,,,,,,,False
,,,"Kemasan  kualitas premium dari kategori . Dibuat dengan food-grade material yang menjamin keamanan produk Anda. Sangat ideal untuk menjaga kesegaran kopi, snack, atau produk UMKM lainnya. Tampilan profesional untuk meningkatkan nilai jual brand Anda.",,,,,,,,,,False
,,,"Kemasan  kualitas premium dari kategori . Dibuat dengan food-grade material yang menjamin keamanan produk Anda. Sangat ideal untuk menjaga kesegaran kopi, snack, atau produk UMKM lainnya. Tampilan profesional untuk meningkatkan nilai jual brand Anda.",,,,,,,,,,False
,,,"Kemasan  kualitas premium dari kategori . Dibuat dengan food-grade material yang menjamin keamanan produk Anda. Sangat ideal untuk menjaga kesegaran kopi, snack, atau produk UMKM lainnya. Tampilan profesional untuk meningkatkan nilai jual brand Anda.",,,,,,,,,,False
,,,"Kemasan  kualitas premium dari kategori . Dibuat dengan food-grade material yang menjamin keamanan produk Anda. Sangat ideal untuk menjaga kesegaran kopi, snack, atau produk UMKM lainnya. Tampilan profesional untuk meningkatkan nilai jual brand Anda.",,,,,,,,,,False
,,,"Kemasan  kualitas premium dari kategori . Dibuat dengan food-grade material yang menjamin keamanan produk Anda. Sangat ideal untuk menjaga kesegaran kopi, snack, atau produk UMKM lainnya. Tampilan profesional untuk meningkatkan nilai jual brand Anda.",,,,,,,,,,False
,,,"Kemasan  kualitas premium dari kategori . Dibuat dengan food-grade material yang menjamin keamanan produk Anda. Sangat ideal untuk menjaga kesegaran kopi, snack, atau produk UMKM lainnya. Tampilan profesional untuk meningkatkan nilai jual brand Anda.",,,,,,,,,,False
,,,"Kemasan  kualitas premium dari kategori . Dibuat dengan food-grade material yang menjamin keamanan produk Anda. Sangat ideal untuk menjaga kesegaran kopi, snack, atau produk UMKM lainnya. Tampilan profesional untuk meningkatkan nilai jual brand Anda.",,,,,,,,,,False
,,,"Kemasan  kualitas premium dari kategori . Dibuat dengan food-grade material yang menjamin keamanan produk Anda. Sangat ideal untuk menjaga kesegaran kopi, snack, atau produk UMKM lainnya. Tampilan profesional untuk meningkatkan nilai jual brand Anda.",,,,,,,,,,False
,,,"Kemasan  kualitas premium dari kategori . Dibuat dengan food-grade material yang menjamin keamanan produk Anda. Sangat ideal untuk menjaga kesegaran kopi, snack, atau produk UMKM lainnya. Tampilan profesional untuk meningkatkan nilai jual brand Anda.",,,,,,,,,,False
,,,"Kemasan  kualitas premium dari kategori . Dibuat dengan food-grade material yang menjamin keamanan produk Anda. Sangat ideal untuk menjaga kesegaran kopi, snack, atau produk UMKM lainnya. Tampilan profesional untuk meningkatkan nilai jual brand Anda.",,,,,,,,,,False
,,,"Kemasan  kualitas premium dari kategori . Dibuat dengan food-grade material yang menjamin keamanan produk Anda. Sangat ideal untuk menjaga kesegaran kopi, snack, atau produk UMKM lainnya. Tampilan profesional untuk meningkatkan nilai jual brand Anda.",,,,,,,,,,False
,,,"Kemasan  kualitas premium dari kategori . Dibuat dengan food-grade material yang menjamin keamanan produk Anda. Sangat ideal untuk menjaga kesegaran kopi, snack, atau produk UMKM lainnya. Tampilan profesional untuk meningkatkan nilai jual brand Anda.",,,,,,,,,,False
,,,"Kemasan  kualitas premium dari kategori . Dibuat dengan food-grade material yang menjamin keamanan produk Anda. Sangat ideal untuk menjaga kesegaran kopi, snack, atau produk UMKM lainnya. Tampilan profesional untuk meningkatkan nilai jual brand Anda.",,,,,,,,,,False
,,,"Kemasan  kualitas premium dari kategori . Dibuat dengan food-grade material yang menjamin keamanan produk Anda. Sangat ideal untuk menjaga kesegaran kopi, snack, atau produk UMKM lainnya. Tampilan profesional untuk meningkatkan nilai jual brand Anda.",,,,,,,,,,False
,,,"Kemasan  kualitas premium dari kategori . Dibuat dengan food-grade material yang menjamin keamanan produk Anda. Sangat ideal untuk menjaga kesegaran kopi, snack, atau produk UMKM lainnya. Tampilan profesional untuk meningkatkan nilai jual brand Anda.",,,,,,,,,,False
,,,"Kemasan  kualitas premium dari kategori . Dibuat dengan food-grade material yang menjamin keamanan produk Anda. Sangat ideal untuk menjaga kesegaran kopi, snack, atau produk UMKM lainnya. Tampilan profesional untuk meningkatkan nilai jual brand Anda.",,,,,,,,,,False
,,,"Kemasan  kualitas premium dari kategori . Dibuat dengan food-grade material yang menjamin keamanan produk Anda. Sangat ideal untuk menjaga kesegaran kopi, snack, atau produk UMKM lainnya. Tampilan profesional untuk meningkatkan nilai jual brand Anda.",,,,,,,,,,False
,,,"Kemasan  kualitas premium dari kategori . Dibuat dengan food-grade material yang menjamin keamanan produk Anda. Sangat ideal untuk menjaga kesegaran kopi, snack, atau produk UMKM lainnya. Tampilan profesional untuk meningkatkan nilai jual brand Anda.",,,,,,,,,,False
,,,"Kemasan  kualitas premium dari kategori . Dibuat dengan food-grade material yang menjamin keamanan produk Anda. Sangat ideal untuk menjaga kesegaran kopi, snack, atau produk UMKM lainnya. Tampilan profesional untuk meningkatkan nilai jual brand Anda.",,,,,,,,,,False
,,,"Kemasan  kualitas premium dari kategori . Dibuat dengan food-grade material yang menjamin keamanan produk Anda. Sangat ideal untuk menjaga kesegaran kopi, snack, atau produk UMKM lainnya. Tampilan profesional untuk meningkatkan nilai jual brand Anda.",,,,,,,,,,False
,,,"Kemasan  kualitas premium dari kategori . Dibuat dengan food-grade material yang menjamin keamanan produk Anda. Sangat ideal untuk menjaga kesegaran kopi, snack, atau produk UMKM lainnya. Tampilan profesional untuk meningkatkan nilai jual brand Anda.",,,,,,,,,,False
,,,"Kemasan  kualitas premium dari kategori . Dibuat dengan food-grade material yang menjamin keamanan produk Anda. Sangat ideal untuk menjaga kesegaran kopi, snack, atau produk UMKM lainnya. Tampilan profesional untuk meningkatkan nilai jual brand Anda.",,,,,,,,,,False
,,,"Kemasan  kualitas premium dari kategori . Dibuat dengan food-grade material yang menjamin keamanan produk Anda. Sangat ideal untuk menjaga kesegaran kopi, snack, atau produk UMKM lainnya. Tampilan profesional untuk meningkatkan nilai jual brand Anda.",,,,,,,,,,False
,,,"Kemasan  kualitas premium dari kategori . Dibuat dengan food-grade material yang menjamin keamanan produk Anda. Sangat ideal untuk menjaga kesegaran kopi, snack, atau produk UMKM lainnya. Tampilan profesional untuk meningkatkan nilai jual brand Anda.",,,,,,,,,,False
,,,"Kemasan  kualitas premium dari kategori . Dibuat dengan food-grade material yang menjamin keamanan produk Anda. Sangat ideal untuk menjaga kesegaran kopi, snack, atau produk UMKM lainnya. Tampilan profesional untuk meningkatkan nilai jual brand Anda.",,,,,,,,,,False
,,,"Kemasan  kualitas premium dari kategori . Dibuat dengan food-grade material yang menjamin keamanan produk Anda. Sangat ideal untuk menjaga kesegaran kopi, snack, atau produk UMKM lainnya. Tampilan profesional untuk meningkatkan nilai jual brand Anda.",,,,,,,,,,False
,,,"Kemasan  kualitas premium dari kategori . Dibuat dengan food-grade material yang menjamin keamanan produk Anda. Sangat ideal untuk menjaga kesegaran kopi, snack, atau produk UMKM lainnya. Tampilan profesional untuk meningkatkan nilai jual brand Anda.",,,,,,,,,,False
,,,"Kemasan  kualitas premium dari kategori . Dibuat dengan food-grade material yang menjamin keamanan produk Anda. Sangat ideal untuk menjaga kesegaran kopi, snack, atau produk UMKM lainnya. Tampilan profesional untuk meningkatkan nilai jual brand Anda.",,,,,,,,,,False
,,,"Kemasan  kualitas premium dari kategori . Dibuat dengan food-grade material yang menjamin keamanan produk Anda. Sangat ideal untuk menjaga kesegaran kopi, snack, atau produk UMKM lainnya. Tampilan profesional untuk meningkatkan nilai jual brand Anda.",,,,,,,,,,False
,,,"Kemasan  kualitas premium dari kategori . Dibuat dengan food-grade material yang menjamin keamanan produk Anda. Sangat ideal untuk menjaga kesegaran kopi, snack, atau produk UMKM lainnya. Tampilan profesional untuk meningkatkan nilai jual brand Anda.",,,,,,,,,,False
,,,"Kemasan  kualitas premium dari kategori . Dibuat dengan food-grade material yang menjamin keamanan produk Anda. Sangat ideal untuk menjaga kesegaran kopi, snack, atau produk UMKM lainnya. Tampilan profesional untuk meningkatkan nilai jual brand Anda.",,,,,,,,,,False
,,,"Kemasan  kualitas premium dari kategori . Dibuat dengan food-grade material yang menjamin keamanan produk Anda. Sangat ideal untuk menjaga kesegaran kopi, snack, atau produk UMKM lainnya. Tampilan profesional untuk meningkatkan nilai jual brand Anda.",,,,,,,,,,False
,,,"Kemasan  kualitas premium dari kategori . Dibuat dengan food-grade material yang menjamin keamanan produk Anda. Sangat ideal untuk menjaga kesegaran kopi, snack, atau produk UMKM lainnya. Tampilan profesional untuk meningkatkan nilai jual brand Anda.",,,,,,,,,,False
,,,"Kemasan  kualitas premium dari kategori . Dibuat dengan food-grade material yang menjamin keamanan produk Anda. Sangat ideal untuk menjaga kesegaran kopi, snack, atau produk UMKM lainnya. Tampilan profesional untuk meningkatkan nilai jual brand Anda.",,,,,,,,,,False
,,,"Kemasan  kualitas premium dari kategori . Dibuat dengan food-grade material yang menjamin keamanan produk Anda. Sangat ideal untuk menjaga kesegaran kopi, snack, atau produk UMKM lainnya. Tampilan profesional untuk meningkatkan nilai jual brand Anda.",,,,,,,,,,False
,,,"Kemasan  kualitas premium dari kategori . Dibuat dengan food-grade material yang menjamin keamanan produk Anda. Sangat ideal untuk menjaga kesegaran kopi, snack, atau produk UMKM lainnya. Tampilan profesional untuk meningkatkan nilai jual brand Anda.",,,,,,,,,,False
,,,"Kemasan  kualitas premium dari kategori . Dibuat dengan food-grade material yang menjamin keamanan produk Anda. Sangat ideal untuk menjaga kesegaran kopi, snack, atau produk UMKM lainnya. Tampilan profesional untuk meningkatkan nilai jual brand Anda.",,,,,,,,,,False
,,,"Kemasan  kualitas premium dari kategori . Dibuat dengan food-grade material yang menjamin keamanan produk Anda. Sangat ideal untuk menjaga kesegaran kopi, snack, atau produk UMKM lainnya. Tampilan profesional untuk meningkatkan nilai jual brand Anda.",,,,,,,,,,False
,,,"Kemasan  kualitas premium dari kategori . Dibuat dengan food-grade material yang menjamin keamanan produk Anda. Sangat ideal untuk menjaga kesegaran kopi, snack, atau produk UMKM lainnya. Tampilan profesional untuk meningkatkan nilai jual brand Anda.",,,,,,,,,,False
,,,"Kemasan  kualitas premium dari kategori . Dibuat dengan food-grade material yang menjamin keamanan produk Anda. Sangat ideal untuk menjaga kesegaran kopi, snack, atau produk UMKM lainnya. Tampilan profesional untuk meningkatkan nilai jual brand Anda.",,,,,,,,,,False
,,,"Kemasan  kualitas premium dari kategori . Dibuat dengan food-grade material yang menjamin keamanan produk Anda. Sangat ideal untuk menjaga kesegaran kopi, snack, atau produk UMKM lainnya. Tampilan profesional untuk meningkatkan nilai jual brand Anda.",,,,,,,,,,False
,,,"Kemasan  kualitas premium dari kategori . Dibuat dengan food-grade material yang menjamin keamanan produk Anda. Sangat ideal untuk menjaga kesegaran kopi, snack, atau produk UMKM lainnya. Tampilan profesional untuk meningkatkan nilai jual brand Anda.",,,,,,,,,,False
,,,"Kemasan  kualitas premium dari kategori . Dibuat dengan food-grade material yang menjamin keamanan produk Anda. Sangat ideal untuk menjaga kesegaran kopi, snack, atau produk UMKM lainnya. Tampilan profesional untuk meningkatkan nilai jual brand Anda.",,,,,,,,,,False
,,,"Kemasan  kualitas premium dari kategori . Dibuat dengan food-grade material yang menjamin keamanan produk Anda. Sangat ideal untuk menjaga kesegaran kopi, snack, atau produk UMKM lainnya. Tampilan profesional untuk meningkatkan nilai jual brand Anda.",,,,,,,,,,False
,,,"Kemasan  kualitas premium dari kategori . Dibuat dengan food-grade material yang menjamin keamanan produk Anda. Sangat ideal untuk menjaga kesegaran kopi, snack, atau produk UMKM lainnya. Tampilan profesional untuk meningkatkan nilai jual brand Anda.",,,,,,,,,,False
,,,"Kemasan  kualitas premium dari kategori . Dibuat dengan food-grade material yang menjamin keamanan produk Anda. Sangat ideal untuk menjaga kesegaran kopi, snack, atau produk UMKM lainnya. Tampilan profesional untuk meningkatkan nilai jual brand Anda.",,,,,,,,,,False
,,,"Kemasan  kualitas premium dari kategori . Dibuat dengan food-grade material yang menjamin keamanan produk Anda. Sangat ideal untuk menjaga kesegaran kopi, snack, atau produk UMKM lainnya. Tampilan profesional untuk meningkatkan nilai jual brand Anda.",,,,,,,,,,False
,,,"Kemasan  kualitas premium dari kategori . Dibuat dengan food-grade material yang menjamin keamanan produk Anda. Sangat ideal untuk menjaga kesegaran kopi, snack, atau produk UMKM lainnya. Tampilan profesional untuk meningkatkan nilai jual brand Anda.",,,,,,,,,,False
,,,"Kemasan  kualitas premium dari kategori . Dibuat dengan food-grade material yang menjamin keamanan produk Anda. Sangat ideal untuk menjaga kesegaran kopi, snack, atau produk UMKM lainnya. Tampilan profesional untuk meningkatkan nilai jual brand Anda.",,,,,,,,,,False
,,,"Kemasan  kualitas premium dari kategori . Dibuat dengan food-grade material yang menjamin keamanan produk Anda. Sangat ideal untuk menjaga kesegaran kopi, snack, atau produk UMKM lainnya. Tampilan profesional untuk meningkatkan nilai jual brand Anda.",,,,,,,,,,False
,,,"Kemasan  kualitas premium dari kategori . Dibuat dengan food-grade material yang menjamin keamanan produk Anda. Sangat ideal untuk menjaga kesegaran kopi, snack, atau produk UMKM lainnya. Tampilan profesional untuk meningkatkan nilai jual brand Anda.",,,,,,,,,,False
,,,"Kemasan  kualitas premium dari kategori . Dibuat dengan food-grade material yang menjamin keamanan produk Anda. Sangat ideal untuk menjaga kesegaran kopi, snack, atau produk UMKM lainnya. Tampilan profesional untuk meningkatkan nilai jual brand Anda.",,,,,,,,,,False
,,,"Kemasan  kualitas premium dari kategori . Dibuat dengan food-grade material yang menjamin keamanan produk Anda. Sangat ideal untuk menjaga kesegaran kopi, snack, atau produk UMKM lainnya. Tampilan profesional untuk meningkatkan nilai jual brand Anda.",,,,,,,,,,False
,,,"Kemasan  kualitas premium dari kategori . Dibuat dengan food-grade material yang menjamin keamanan produk Anda. Sangat ideal untuk menjaga kesegaran kopi, snack, atau produk UMKM lainnya. Tampilan profesional untuk meningkatkan nilai jual brand Anda.",,,,,,,,,,False
,,,"Kemasan  kualitas premium dari kategori . Dibuat dengan food-grade material yang menjamin keamanan produk Anda. Sangat ideal untuk menjaga kesegaran kopi, snack, atau produk UMKM lainnya. Tampilan profesional untuk meningkatkan nilai jual brand Anda.",,,,,,,,,,False
,,,"Kemasan  kualitas premium dari kategori . Dibuat dengan food-grade material yang menjamin keamanan produk Anda. Sangat ideal untuk menjaga kesegaran kopi, snack, atau produk UMKM lainnya. Tampilan profesional untuk meningkatkan nilai jual brand Anda.",,,,,,,,,,False
,,,"Kemasan  kualitas premium dari kategori . Dibuat dengan food-grade material yang menjamin keamanan produk Anda. Sangat ideal untuk menjaga kesegaran kopi, snack, atau produk UMKM lainnya. Tampilan profesional untuk meningkatkan nilai jual brand Anda.",,,,,,,,,,False
,,,"Kemasan  kualitas premium dari kategori . Dibuat dengan food-grade material yang menjamin keamanan produk Anda. Sangat ideal untuk menjaga kesegaran kopi, snack, atau produk UMKM lainnya. Tampilan profesional untuk meningkatkan nilai jual brand Anda.",,,,,,,,,,False
,,,"Kemasan  kualitas premium dari kategori . Dibuat dengan food-grade material yang menjamin keamanan produk Anda. Sangat ideal untuk menjaga kesegaran kopi, snack, atau produk UMKM lainnya. Tampilan profesional untuk meningkatkan nilai jual brand Anda.",,,,,,,,,,False
,,,"Kemasan  kualitas premium dari kategori . Dibuat dengan food-grade material yang menjamin keamanan produk Anda. Sangat ideal untuk menjaga kesegaran kopi, snack, atau produk UMKM lainnya. Tampilan profesional untuk meningkatkan nilai jual brand Anda.",,,,,,,,,,False
,,,"Kemasan  kualitas premium dari kategori . Dibuat dengan food-grade material yang menjamin keamanan produk Anda. Sangat ideal untuk menjaga kesegaran kopi, snack, atau produk UMKM lainnya. Tampilan profesional untuk meningkatkan nilai jual brand Anda.",,,,,,,,,,False
,,,"Kemasan  kualitas premium dari kategori . Dibuat dengan food-grade material yang menjamin keamanan produk Anda. Sangat ideal untuk menjaga kesegaran kopi, snack, atau produk UMKM lainnya. Tampilan profesional untuk meningkatkan nilai jual brand Anda.",,,,,,,,,,False
,,,"Kemasan  kualitas premium dari kategori . Dibuat dengan food-grade material yang menjamin keamanan produk Anda. Sangat ideal untuk menjaga kesegaran kopi, snack, atau produk UMKM lainnya. Tampilan profesional untuk meningkatkan nilai jual brand Anda.",,,,,,,,,,False
,,,"Kemasan  kualitas premium dari kategori . Dibuat dengan food-grade material yang menjamin keamanan produk Anda. Sangat ideal untuk menjaga kesegaran kopi, snack, atau produk UMKM lainnya. Tampilan profesional untuk meningkatkan nilai jual brand Anda.",,,,,,,,,,False
,,,"Kemasan  kualitas premium dari kategori . Dibuat dengan food-grade material yang menjamin keamanan produk Anda. Sangat ideal untuk menjaga kesegaran kopi, snack, atau produk UMKM lainnya. Tampilan profesional untuk meningkatkan nilai jual brand Anda.",,,,,,,,,,False
,,,"Kemasan  kualitas premium dari kategori . Dibuat dengan food-grade material yang menjamin keamanan produk Anda. Sangat ideal untuk menjaga kesegaran kopi, snack, atau produk UMKM lainnya. Tampilan profesional untuk meningkatkan nilai jual brand Anda.",,,,,,,,,,False
,,,"Kemasan  kualitas premium dari kategori . Dibuat dengan food-grade material yang menjamin keamanan produk Anda. Sangat ideal untuk menjaga kesegaran kopi, snack, atau produk UMKM lainnya. Tampilan profesional untuk meningkatkan nilai jual brand Anda.",,,,,,,,,,False
,,,"Kemasan  kualitas premium dari kategori . Dibuat dengan food-grade material yang menjamin keamanan produk Anda. Sangat ideal untuk menjaga kesegaran kopi, snack, atau produk UMKM lainnya. Tampilan profesional untuk meningkatkan nilai jual brand Anda.",,,,,,,,,,False
,,,"Kemasan  kualitas premium dari kategori . Dibuat dengan food-grade material yang menjamin keamanan produk Anda. Sangat ideal untuk menjaga kesegaran kopi, snack, atau produk UMKM lainnya. Tampilan profesional untuk meningkatkan nilai jual brand Anda.",,,,,,,,,,False
,,,"Kemasan  kualitas premium dari kategori . Dibuat dengan food-grade material yang menjamin keamanan produk Anda. Sangat ideal untuk menjaga kesegaran kopi, snack, atau produk UMKM lainnya. Tampilan profesional untuk meningkatkan nilai jual brand Anda.",,,,,,,,,,False
,,,"Kemasan  kualitas premium dari kategori . Dibuat dengan food-grade material yang menjamin keamanan produk Anda. Sangat ideal untuk menjaga kesegaran kopi, snack, atau produk UMKM lainnya. Tampilan profesional untuk meningkatkan nilai jual brand Anda.",,,,,,,,,,False
,,,"Kemasan  kualitas premium dari kategori . Dibuat dengan food-grade material yang menjamin keamanan produk Anda. Sangat ideal untuk menjaga kesegaran kopi, snack, atau produk UMKM lainnya. Tampilan profesional untuk meningkatkan nilai jual brand Anda.",,,,,,,,,,False
,,,"Kemasan  kualitas premium dari kategori . Dibuat dengan food-grade material yang menjamin keamanan produk Anda. Sangat ideal untuk menjaga kesegaran kopi, snack, atau produk UMKM lainnya. Tampilan profesional untuk meningkatkan nilai jual brand Anda.",,,,,,,,,,False
,,,"Kemasan  kualitas premium dari kategori . Dibuat dengan food-grade material yang menjamin keamanan produk Anda. Sangat ideal untuk menjaga kesegaran kopi, snack, atau produk UMKM lainnya. Tampilan profesional untuk meningkatkan nilai jual brand Anda.",,,,,,,,,,False
,,,"Kemasan  kualitas premium dari kategori . Dibuat dengan food-grade material yang menjamin keamanan produk Anda. Sangat ideal untuk menjaga kesegaran kopi, snack, atau produk UMKM lainnya. Tampilan profesional untuk meningkatkan nilai jual brand Anda.",,,,,,,,,,False
,,,"Kemasan  kualitas premium dari kategori . Dibuat dengan food-grade material yang menjamin keamanan produk Anda. Sangat ideal untuk menjaga kesegaran kopi, snack, atau produk UMKM lainnya. Tampilan profesional untuk meningkatkan nilai jual brand Anda.",,,,,,,,,,False
,,,"Kemasan  kualitas premium dari kategori . Dibuat dengan food-grade material yang menjamin keamanan produk Anda. Sangat ideal untuk menjaga kesegaran kopi, snack, atau produk UMKM lainnya. Tampilan profesional untuk meningkatkan nilai jual brand Anda.",,,,,,,,,,False
,,,"Kemasan  kualitas premium dari kategori . Dibuat dengan food-grade material yang menjamin keamanan produk Anda. Sangat ideal untuk menjaga kesegaran kopi, snack, atau produk UMKM lainnya. Tampilan profesional untuk meningkatkan nilai jual brand Anda.",,,,,,,,,,False
,,,"Kemasan  kualitas premium dari kategori . Dibuat dengan food-grade material yang menjamin keamanan produk Anda. Sangat ideal untuk menjaga kesegaran kopi, snack, atau produk UMKM lainnya. Tampilan profesional untuk meningkatkan nilai jual brand Anda.",,,,,,,,,,False
,,,"Kemasan  kualitas premium dari kategori . Dibuat dengan food-grade material yang menjamin keamanan produk Anda. Sangat ideal untuk menjaga kesegaran kopi, snack, atau produk UMKM lainnya. Tampilan profesional untuk meningkatkan nilai jual brand Anda.",,,,,,,,,,False
,,,"Kemasan  kualitas premium dari kategori . Dibuat dengan food-grade material yang menjamin keamanan produk Anda. Sangat ideal untuk menjaga kesegaran kopi, snack, atau produk UMKM lainnya. Tampilan profesional untuk meningkatkan nilai jual brand Anda.",,,,,,,,,,False
,,,"Kemasan  kualitas premium dari kategori . Dibuat dengan food-grade material yang menjamin keamanan produk Anda. Sangat ideal untuk menjaga kesegaran kopi, snack, atau produk UMKM lainnya. Tampilan profesional untuk meningkatkan nilai jual brand Anda.",,,,,,,,,,False
,,,"Kemasan  kualitas premium dari kategori . Dibuat dengan food-grade material yang menjamin keamanan produk Anda. Sangat ideal untuk menjaga kesegaran kopi, snack, atau produk UMKM lainnya. Tampilan profesional untuk meningkatkan nilai jual brand Anda.",,,,,,,,,,False
,,,"Kemasan  kualitas premium dari kategori . Dibuat dengan food-grade material yang menjamin keamanan produk Anda. Sangat ideal untuk menjaga kesegaran kopi, snack, atau produk UMKM lainnya. Tampilan profesional untuk meningkatkan nilai jual brand Anda.",,,,,,,,,,False
,,,"Kemasan  kualitas premium dari kategori . Dibuat dengan food-grade material yang menjamin keamanan produk Anda. Sangat ideal untuk menjaga kesegaran kopi, snack, atau produk UMKM lainnya. Tampilan profesional untuk meningkatkan nilai jual brand Anda.",,,,,,,,,,False
,,,"Kemasan  kualitas premium dari kategori . Dibuat dengan food-grade material yang menjamin keamanan produk Anda. Sangat ideal untuk menjaga kesegaran kopi, snack, atau produk UMKM lainnya. Tampilan profesional untuk meningkatkan nilai jual brand Anda.",,,,,,,,,,False
,,,"Kemasan  kualitas premium dari kategori . Dibuat dengan food-grade material yang menjamin keamanan produk Anda. Sangat ideal untuk menjaga kesegaran kopi, snack, atau produk UMKM lainnya. Tampilan profesional untuk meningkatkan nilai jual brand Anda.",,,,,,,,,,False
,,,"Kemasan  kualitas premium dari kategori . Dibuat dengan food-grade material yang menjamin keamanan produk Anda. Sangat ideal untuk menjaga kesegaran kopi, snack, atau produk UMKM lainnya. Tampilan profesional untuk meningkatkan nilai jual brand Anda.",,,,,,,,,,False
,,,"Kemasan  kualitas premium dari kategori . Dibuat dengan food-grade material yang menjamin keamanan produk Anda. Sangat ideal untuk menjaga kesegaran kopi, snack, atau produk UMKM lainnya. Tampilan profesional untuk meningkatkan nilai jual brand Anda.",,,,,,,,,,False
,,,"Kemasan  kualitas premium dari kategori . Dibuat dengan food-grade material yang menjamin keamanan produk Anda. Sangat ideal untuk menjaga kesegaran kopi, snack, atau produk UMKM lainnya. Tampilan profesional untuk meningkatkan nilai jual brand Anda.",,,,,,,,,,False
,,,"Kemasan  kualitas premium dari kategori . Dibuat dengan food-grade material yang menjamin keamanan produk Anda. Sangat ideal untuk menjaga kesegaran kopi, snack, atau produk UMKM lainnya. Tampilan profesional untuk meningkatkan nilai jual brand Anda.",,,,,,,,,,False
,,,"Kemasan  kualitas premium dari kategori . Dibuat dengan food-grade material yang menjamin keamanan produk Anda. Sangat ideal untuk menjaga kesegaran kopi, snack, atau produk UMKM lainnya. Tampilan profesional untuk meningkatkan nilai jual brand Anda.",,,,,,,,,,False
,,,"Kemasan  kualitas premium dari kategori . Dibuat dengan food-grade material yang menjamin keamanan produk Anda. Sangat ideal untuk menjaga kesegaran kopi, snack, atau produk UMKM lainnya. Tampilan profesional untuk meningkatkan nilai jual brand Anda.",,,,,,,,,,False
,,,"Kemasan  kualitas premium dari kategori . Dibuat dengan food-grade material yang menjamin keamanan produk Anda. Sangat ideal untuk menjaga kesegaran kopi, snack, atau produk UMKM lainnya. Tampilan profesional untuk meningkatkan nilai jual brand Anda.",,,,,,,,,,False
,,,"Kemasan  kualitas premium dari kategori . Dibuat dengan food-grade material yang menjamin keamanan produk Anda. Sangat ideal untuk menjaga kesegaran kopi, snack, atau produk UMKM lainnya. Tampilan profesional untuk meningkatkan nilai jual brand Anda.",,,,,,,,,,False
,,,"Kemasan  kualitas premium dari kategori . Dibuat dengan food-grade material yang menjamin keamanan produk Anda. Sangat ideal untuk menjaga kesegaran kopi, snack, atau produk UMKM lainnya. Tampilan profesional untuk meningkatkan nilai jual brand Anda.",,,,,,,,,,False
,,,"Kemasan  kualitas premium dari kategori . Dibuat dengan food-grade material yang menjamin keamanan produk Anda. Sangat ideal untuk menjaga kesegaran kopi, snack, atau produk UMKM lainnya. Tampilan profesional untuk meningkatkan nilai jual brand Anda.",,,,,,,,,,False
,,,"Kemasan  kualitas premium dari kategori . Dibuat dengan food-grade material yang menjamin keamanan produk Anda. Sangat ideal untuk menjaga kesegaran kopi, snack, atau produk UMKM lainnya. Tampilan profesional untuk meningkatkan nilai jual brand Anda.",,,,,,,,,,False
,,,"Kemasan  kualitas premium dari kategori . Dibuat dengan food-grade material yang menjamin keamanan produk Anda. Sangat ideal untuk menjaga kesegaran kopi, snack, atau produk UMKM lainnya. Tampilan profesional untuk meningkatkan nilai jual brand Anda.",,,,,,,,,,False
,,,"Kemasan  kualitas premium dari kategori . Dibuat dengan food-grade material yang menjamin keamanan produk Anda. Sangat ideal untuk menjaga kesegaran kopi, snack, atau produk UMKM lainnya. Tampilan profesional untuk meningkatkan nilai jual brand Anda.",,,,,,,,,,False
,,,"Kemasan  kualitas premium dari kategori . Dibuat dengan food-grade material yang menjamin keamanan produk Anda. Sangat ideal untuk menjaga kesegaran kopi, snack, atau produk UMKM lainnya. Tampilan profesional untuk meningkatkan nilai jual brand Anda.",,,,,,,,,,False
,,,"Kemasan  kualitas premium dari kategori . Dibuat dengan food-grade material yang menjamin keamanan produk Anda. Sangat ideal untuk menjaga kesegaran kopi, snack, atau produk UMKM lainnya. Tampilan profesional untuk meningkatkan nilai jual brand Anda.",,,,,,,,,,False
,,,"Kemasan  kualitas premium dari kategori . Dibuat dengan food-grade material yang menjamin keamanan produk Anda. Sangat ideal untuk menjaga kesegaran kopi, snack, atau produk UMKM lainnya. Tampilan profesional untuk meningkatkan nilai jual brand Anda.",,,,,,,,,,False
,,,"Kemasan  kualitas premium dari kategori . Dibuat dengan food-grade material yang menjamin keamanan produk Anda. Sangat ideal untuk menjaga kesegaran kopi, snack, atau produk UMKM lainnya. Tampilan profesional untuk meningkatkan nilai jual brand Anda.",,,,,,,,,,False
,,,"Kemasan  kualitas premium dari kategori . Dibuat dengan food-grade material yang menjamin keamanan produk Anda. Sangat ideal untuk menjaga kesegaran kopi, snack, atau produk UMKM lainnya. Tampilan profesional untuk meningkatkan nilai jual brand Anda.",,,,,,,,,,False
,,,"Kemasan  kualitas premium dari kategori . Dibuat dengan food-grade material yang menjamin keamanan produk Anda. Sangat ideal untuk menjaga kesegaran kopi, snack, atau produk UMKM lainnya. Tampilan profesional untuk meningkatkan nilai jual brand Anda.",,,,,,,,,,False
,,,"Kemasan  kualitas premium dari kategori . Dibuat dengan food-grade material yang menjamin keamanan produk Anda. Sangat ideal untuk menjaga kesegaran kopi, snack, atau produk UMKM lainnya. Tampilan profesional untuk meningkatkan nilai jual brand Anda.",,,,,,,,,,False
,,,"Kemasan  kualitas premium dari kategori . Dibuat dengan food-grade material yang menjamin keamanan produk Anda. Sangat ideal untuk menjaga kesegaran kopi, snack, atau produk UMKM lainnya. Tampilan profesional untuk meningkatkan nilai jual brand Anda.",,,,,,,,,,False
,,,"Kemasan  kualitas premium dari kategori . Dibuat dengan food-grade material yang menjamin keamanan produk Anda. Sangat ideal untuk menjaga kesegaran kopi, snack, atau produk UMKM lainnya. Tampilan profesional untuk meningkatkan nilai jual brand Anda.",,,,,,,,,,False
,,,"Kemasan  kualitas premium dari kategori . Dibuat dengan food-grade material yang menjamin keamanan produk Anda. Sangat ideal untuk menjaga kesegaran kopi, snack, atau produk UMKM lainnya. Tampilan profesional untuk meningkatkan nilai jual brand Anda.",,,,,,,,,,False
,,,"Kemasan  kualitas premium dari kategori . Dibuat dengan food-grade material yang menjamin keamanan produk Anda. Sangat ideal untuk menjaga kesegaran kopi, snack, atau produk UMKM lainnya. Tampilan profesional untuk meningkatkan nilai jual brand Anda.",,,,,,,,,,False
,,,"Kemasan  kualitas premium dari kategori . Dibuat dengan food-grade material yang menjamin keamanan produk Anda. Sangat ideal untuk menjaga kesegaran kopi, snack, atau produk UMKM lainnya. Tampilan profesional untuk meningkatkan nilai jual brand Anda.",,,,,,,,,,False
,,,"Kemasan  kualitas premium dari kategori . Dibuat dengan food-grade material yang menjamin keamanan produk Anda. Sangat ideal untuk menjaga kesegaran kopi, snack, atau produk UMKM lainnya. Tampilan profesional untuk meningkatkan nilai jual brand Anda.",,,,,,,,,,False
,,,"Kemasan  kualitas premium dari kategori . Dibuat dengan food-grade material yang menjamin keamanan produk Anda. Sangat ideal untuk menjaga kesegaran kopi, snack, atau produk UMKM lainnya. Tampilan profesional untuk meningkatkan nilai jual brand Anda.",,,,,,,,,,False
,,,"Kemasan  kualitas premium dari kategori . Dibuat dengan food-grade material yang menjamin keamanan produk Anda. Sangat ideal untuk menjaga kesegaran kopi, snack, atau produk UMKM lainnya. Tampilan profesional untuk meningkatkan nilai jual brand Anda.",,,,,,,,,,False
,,,"Kemasan  kualitas premium dari kategori . Dibuat dengan food-grade material yang menjamin keamanan produk Anda. Sangat ideal untuk menjaga kesegaran kopi, snack, atau produk UMKM lainnya. Tampilan profesional untuk meningkatkan nilai jual brand Anda.",,,,,,,,,,False
,,,"Kemasan  kualitas premium dari kategori . Dibuat dengan food-grade material yang menjamin keamanan produk Anda. Sangat ideal untuk menjaga kesegaran kopi, snack, atau produk UMKM lainnya. Tampilan profesional untuk meningkatkan nilai jual brand Anda.",,,,,,,,,,False
,,,"Kemasan  kualitas premium dari kategori . Dibuat dengan food-grade material yang menjamin keamanan produk Anda. Sangat ideal untuk menjaga kesegaran kopi, snack, atau produk UMKM lainnya. Tampilan profesional untuk meningkatkan nilai jual brand Anda.",,,,,,,,,,False
,,,"Kemasan  kualitas premium dari kategori . Dibuat dengan food-grade material yang menjamin keamanan produk Anda. Sangat ideal untuk menjaga kesegaran kopi, snack, atau produk UMKM lainnya. Tampilan profesional untuk meningkatkan nilai jual brand Anda.",,,,,,,,,,False
,,,"Kemasan  kualitas premium dari kategori . Dibuat dengan food-grade material yang menjamin keamanan produk Anda. Sangat ideal untuk menjaga kesegaran kopi, snack, atau produk UMKM lainnya. Tampilan profesional untuk meningkatkan nilai jual brand Anda.",,,,,,,,,,False
,,,"Kemasan  kualitas premium dari kategori . Dibuat dengan food-grade material yang menjamin keamanan produk Anda. Sangat ideal untuk menjaga kesegaran kopi, snack, atau produk UMKM lainnya. Tampilan profesional untuk meningkatkan nilai jual brand Anda.",,,,,,,,,,False
,,,"Kemasan  kualitas premium dari kategori . Dibuat dengan food-grade material yang menjamin keamanan produk Anda. Sangat ideal untuk menjaga kesegaran kopi, snack, atau produk UMKM lainnya. Tampilan profesional untuk meningkatkan nilai jual brand Anda.",,,,,,,,,,False
,,,"Kemasan  kualitas premium dari kategori . Dibuat dengan food-grade material yang menjamin keamanan produk Anda. Sangat ideal untuk menjaga kesegaran kopi, snack, atau produk UMKM lainnya. Tampilan profesional untuk meningkatkan nilai jual brand Anda.",,,,,,,,,,False
,,,"Kemasan  kualitas premium dari kategori . Dibuat dengan food-grade material yang menjamin keamanan produk Anda. Sangat ideal untuk menjaga kesegaran kopi, snack, atau produk UMKM lainnya. Tampilan profesional untuk meningkatkan nilai jual brand Anda.",,,,,,,,,,False
,,,"Kemasan  kualitas premium dari kategori . Dibuat dengan food-grade material yang menjamin keamanan produk Anda. Sangat ideal untuk menjaga kesegaran kopi, snack, atau produk UMKM lainnya. Tampilan profesional untuk meningkatkan nilai jual brand Anda.",,,,,,,,,,False
,,,"Kemasan  kualitas premium dari kategori . Dibuat dengan food-grade material yang menjamin keamanan produk Anda. Sangat ideal untuk menjaga kesegaran kopi, snack, atau produk UMKM lainnya. Tampilan profesional untuk meningkatkan nilai jual brand Anda.",,,,,,,,,,False
,,,"Kemasan  kualitas premium dari kategori . Dibuat dengan food-grade material yang menjamin keamanan produk Anda. Sangat ideal untuk menjaga kesegaran kopi, snack, atau produk UMKM lainnya. Tampilan profesional untuk meningkatkan nilai jual brand Anda.",,,,,,,,,,False
,,,"Kemasan  kualitas premium dari kategori . Dibuat dengan food-grade material yang menjamin keamanan produk Anda. Sangat ideal untuk menjaga kesegaran kopi, snack, atau produk UMKM lainnya. Tampilan profesional untuk meningkatkan nilai jual brand Anda.",,,,,,,,,,False
,,,"Kemasan  kualitas premium dari kategori . Dibuat dengan food-grade material yang menjamin keamanan produk Anda. Sangat ideal untuk menjaga kesegaran kopi, snack, atau produk UMKM lainnya. Tampilan profesional untuk meningkatkan nilai jual brand Anda.",,,,,,,,,,False
,,,"Kemasan  kualitas premium dari kategori . Dibuat dengan food-grade material yang menjamin keamanan produk Anda. Sangat ideal untuk menjaga kesegaran kopi, snack, atau produk UMKM lainnya. Tampilan profesional untuk meningkatkan nilai jual brand Anda.",,,,,,,,,,False
,,,"Kemasan  kualitas premium dari kategori . Dibuat dengan food-grade material yang menjamin keamanan produk Anda. Sangat ideal untuk menjaga kesegaran kopi, snack, atau produk UMKM lainnya. Tampilan profesional untuk meningkatkan nilai jual brand Anda.",,,,,,,,,,False
,,,"Kemasan  kualitas premium dari kategori . Dibuat dengan food-grade material yang menjamin keamanan produk Anda. Sangat ideal untuk menjaga kesegaran kopi, snack, atau produk UMKM lainnya. Tampilan profesional untuk meningkatkan nilai jual brand Anda.",,,,,,,,,,False
,,,"Kemasan  kualitas premium dari kategori . Dibuat dengan food-grade material yang menjamin keamanan produk Anda. Sangat ideal untuk menjaga kesegaran kopi, snack, atau produk UMKM lainnya. Tampilan profesional untuk meningkatkan nilai jual brand Anda.",,,,,,,,,,False
,,,"Kemasan  kualitas premium dari kategori . Dibuat dengan food-grade material yang menjamin keamanan produk Anda. Sangat ideal untuk menjaga kesegaran kopi, snack, atau produk UMKM lainnya. Tampilan profesional untuk meningkatkan nilai jual brand Anda.",,,,,,,,,,False
,,,"Kemasan  kualitas premium dari kategori . Dibuat dengan food-grade material yang menjamin keamanan produk Anda. Sangat ideal untuk menjaga kesegaran kopi, snack, atau produk UMKM lainnya. Tampilan profesional untuk meningkatkan nilai jual brand Anda.",,,,,,,,,,False
,,,"Kemasan  kualitas premium dari kategori . Dibuat dengan food-grade material yang menjamin keamanan produk Anda. Sangat ideal untuk menjaga kesegaran kopi, snack, atau produk UMKM lainnya. Tampilan profesional untuk meningkatkan nilai jual brand Anda.",,,,,,,,,,False
,,,"Kemasan  kualitas premium dari kategori . Dibuat dengan food-grade material yang menjamin keamanan produk Anda. Sangat ideal untuk menjaga kesegaran kopi, snack, atau produk UMKM lainnya. Tampilan profesional untuk meningkatkan nilai jual brand Anda.",,,,,,,,,,False
,,,"Kemasan  kualitas premium dari kategori . Dibuat dengan food-grade material yang menjamin keamanan produk Anda. Sangat ideal untuk menjaga kesegaran kopi, snack, atau produk UMKM lainnya. Tampilan profesional untuk meningkatkan nilai jual brand Anda.",,,,,,,,,,False
,,,"Kemasan  kualitas premium dari kategori . Dibuat dengan food-grade material yang menjamin keamanan produk Anda. Sangat ideal untuk menjaga kesegaran kopi, snack, atau produk UMKM lainnya. Tampilan profesional untuk meningkatkan nilai jual brand Anda.",,,,,,,,,,False
,,,"Kemasan  kualitas premium dari kategori . Dibuat dengan food-grade material yang menjamin keamanan produk Anda. Sangat ideal untuk menjaga kesegaran kopi, snack, atau produk UMKM lainnya. Tampilan profesional untuk meningkatkan nilai jual brand Anda.",,,,,,,,,,False
,,,"Kemasan  kualitas premium dari kategori . Dibuat dengan food-grade material yang menjamin keamanan produk Anda. Sangat ideal untuk menjaga kesegaran kopi, snack, atau produk UMKM lainnya. Tampilan profesional untuk meningkatkan nilai jual brand Anda.",,,,,,,,,,False
,,,"Kemasan  kualitas premium dari kategori . Dibuat dengan food-grade material yang menjamin keamanan produk Anda. Sangat ideal untuk menjaga kesegaran kopi, snack, atau produk UMKM lainnya. Tampilan profesional untuk meningkatkan nilai jual brand Anda.",,,,,,,,,,False
,,,"Kemasan  kualitas premium dari kategori . Dibuat dengan food-grade material yang menjamin keamanan produk Anda. Sangat ideal untuk menjaga kesegaran kopi, snack, atau produk UMKM lainnya. Tampilan profesional untuk meningkatkan nilai jual brand Anda.",,,,,,,,,,False
,,,"Kemasan  kualitas premium dari kategori . Dibuat dengan food-grade material yang menjamin keamanan produk Anda. Sangat ideal untuk menjaga kesegaran kopi, snack, atau produk UMKM lainnya. Tampilan profesional untuk meningkatkan nilai jual brand Anda.",,,,,,,,,,False
,,,"Kemasan  kualitas premium dari kategori . Dibuat dengan food-grade material yang menjamin keamanan produk Anda. Sangat ideal untuk menjaga kesegaran kopi, snack, atau produk UMKM lainnya. Tampilan profesional untuk meningkatkan nilai jual brand Anda.",,,,,,,,,,False
,,,"Kemasan  kualitas premium dari kategori . Dibuat dengan food-grade material yang menjamin keamanan produk Anda. Sangat ideal untuk menjaga kesegaran kopi, snack, atau produk UMKM lainnya. Tampilan profesional untuk meningkatkan nilai jual brand Anda.",,,,,,,,,,False
,,,"Kemasan  kualitas premium dari kategori . Dibuat dengan food-grade material yang menjamin keamanan produk Anda. Sangat ideal untuk menjaga kesegaran kopi, snack, atau produk UMKM lainnya. Tampilan profesional untuk meningkatkan nilai jual brand Anda.",,,,,,,,,,False
,,,"Kemasan  kualitas premium dari kategori . Dibuat dengan food-grade material yang menjamin keamanan produk Anda. Sangat ideal untuk menjaga kesegaran kopi, snack, atau produk UMKM lainnya. Tampilan profesional untuk meningkatkan nilai jual brand Anda.",,,,,,,,,,False
,,,"Kemasan  kualitas premium dari kategori . Dibuat dengan food-grade material yang menjamin keamanan produk Anda. Sangat ideal untuk menjaga kesegaran kopi, snack, atau produk UMKM lainnya. Tampilan profesional untuk meningkatkan nilai jual brand Anda.",,,,,,,,,,False
,,,"Kemasan  kualitas premium dari kategori . Dibuat dengan food-grade material yang menjamin keamanan produk Anda. Sangat ideal untuk menjaga kesegaran kopi, snack, atau produk UMKM lainnya. Tampilan profesional untuk meningkatkan nilai jual brand Anda.",,,,,,,,,,False
,,,"Kemasan  kualitas premium dari kategori . Dibuat dengan food-grade material yang menjamin keamanan produk Anda. Sangat ideal untuk menjaga kesegaran kopi, snack, atau produk UMKM lainnya. Tampilan profesional untuk meningkatkan nilai jual brand Anda.",,,,,,,,,,False
,,,"Kemasan  kualitas premium dari kategori . Dibuat dengan food-grade material yang menjamin keamanan produk Anda. Sangat ideal untuk menjaga kesegaran kopi, snack, atau produk UMKM lainnya. Tampilan profesional untuk meningkatkan nilai jual brand Anda.",,,,,,,,,,False
,,,"Kemasan  kualitas premium dari kategori . Dibuat dengan food-grade material yang menjamin keamanan produk Anda. Sangat ideal untuk menjaga kesegaran kopi, snack, atau produk UMKM lainnya. Tampilan profesional untuk meningkatkan nilai jual brand Anda.",,,,,,,,,,False
,,,"Kemasan  kualitas premium dari kategori . Dibuat dengan food-grade material yang menjamin keamanan produk Anda. Sangat ideal untuk menjaga kesegaran kopi, snack, atau produk UMKM lainnya. Tampilan profesional untuk meningkatkan nilai jual brand Anda.",,,,,,,,,,False
,,,"Kemasan  kualitas premium dari kategori . Dibuat dengan food-grade material yang menjamin keamanan produk Anda. Sangat ideal untuk menjaga kesegaran kopi, snack, atau produk UMKM lainnya. Tampilan profesional untuk meningkatkan nilai jual brand Anda.",,,,,,,,,,False
,,,"Kemasan  kualitas premium dari kategori . Dibuat dengan food-grade material yang menjamin keamanan produk Anda. Sangat ideal untuk menjaga kesegaran kopi, snack, atau produk UMKM lainnya. Tampilan profesional untuk meningkatkan nilai jual brand Anda.",,,,,,,,,,False
,,,"Kemasan  kualitas premium dari kategori . Dibuat dengan food-grade material yang menjamin keamanan produk Anda. Sangat ideal untuk menjaga kesegaran kopi, snack, atau produk UMKM lainnya. Tampilan profesional untuk meningkatkan nilai jual brand Anda.",,,,,,,,,,False
,,,"Kemasan  kualitas premium dari kategori . Dibuat dengan food-grade material yang menjamin keamanan produk Anda. Sangat ideal untuk menjaga kesegaran kopi, snack, atau produk UMKM lainnya. Tampilan profesional untuk meningkatkan nilai jual brand Anda.",,,,,,,,,,False
,,,"Kemasan  kualitas premium dari kategori . Dibuat dengan food-grade material yang menjamin keamanan produk Anda. Sangat ideal untuk menjaga kesegaran kopi, snack, atau produk UMKM lainnya. Tampilan profesional untuk meningkatkan nilai jual brand Anda.",,,,,,,,,,False
,,,"Kemasan  kualitas premium dari kategori . Dibuat dengan food-grade material yang menjamin keamanan produk Anda. Sangat ideal untuk menjaga kesegaran kopi, snack, atau produk UMKM lainnya. Tampilan profesional untuk meningkatkan nilai jual brand Anda.",,,,,,,,,,False
,,,"Kemasan  kualitas premium dari kategori . Dibuat dengan food-grade material yang menjamin keamanan produk Anda. Sangat ideal untuk menjaga kesegaran kopi, snack, atau produk UMKM lainnya. Tampilan profesional untuk meningkatkan nilai jual brand Anda.",,,,,,,,,,False
,,,"Kemasan  kualitas premium dari kategori . Dibuat dengan food-grade material yang menjamin keamanan produk Anda. Sangat ideal untuk menjaga kesegaran kopi, snack, atau produk UMKM lainnya. Tampilan profesional untuk meningkatkan nilai jual brand Anda.",,,,,,,,,,False
,,,"Kemasan  kualitas premium dari kategori . Dibuat dengan food-grade material yang menjamin keamanan produk Anda. Sangat ideal untuk menjaga kesegaran kopi, snack, atau produk UMKM lainnya. Tampilan profesional untuk meningkatkan nilai jual brand Anda.",,,,,,,,,,False
,,,"Kemasan  kualitas premium dari kategori . Dibuat dengan food-grade material yang menjamin keamanan produk Anda. Sangat ideal untuk menjaga kesegaran kopi, snack, atau produk UMKM lainnya. Tampilan profesional untuk meningkatkan nilai jual brand Anda.",,,,,,,,,,False
,,,"Kemasan  kualitas premium dari kategori . Dibuat dengan food-grade material yang menjamin keamanan produk Anda. Sangat ideal untuk menjaga kesegaran kopi, snack, atau produk UMKM lainnya. Tampilan profesional untuk meningkatkan nilai jual brand Anda.",,,,,,,,,,False
,,,"Kemasan  kualitas premium dari kategori . Dibuat dengan food-grade material yang menjamin keamanan produk Anda. Sangat ideal untuk menjaga kesegaran kopi, snack, atau produk UMKM lainnya. Tampilan profesional untuk meningkatkan nilai jual brand Anda.",,,,,,,,,,False
,,,"Kemasan  kualitas premium dari kategori . Dibuat dengan food-grade material yang menjamin keamanan produk Anda. Sangat ideal untuk menjaga kesegaran kopi, snack, atau produk UMKM lainnya. Tampilan profesional untuk meningkatkan nilai jual brand Anda.",,,,,,,,,,False
,,,"Kemasan  kualitas premium dari kategori . Dibuat dengan food-grade material yang menjamin keamanan produk Anda. Sangat ideal untuk menjaga kesegaran kopi, snack, atau produk UMKM lainnya. Tampilan profesional untuk meningkatkan nilai jual brand Anda.",,,,,,,,,,False
,,,"Kemasan  kualitas premium dari kategori . Dibuat dengan food-grade material yang menjamin keamanan produk Anda. Sangat ideal untuk menjaga kesegaran kopi, snack, atau produk UMKM lainnya. Tampilan profesional untuk meningkatkan nilai jual brand Anda.",,,,,,,,,,False
,,,"Kemasan  kualitas premium dari kategori . Dibuat dengan food-grade material yang menjamin keamanan produk Anda. Sangat ideal untuk menjaga kesegaran kopi, snack, atau produk UMKM lainnya. Tampilan profesional untuk meningkatkan nilai jual brand Anda.",,,,,,,,,,False
,,,"Kemasan  kualitas premium dari kategori . Dibuat dengan food-grade material yang menjamin keamanan produk Anda. Sangat ideal untuk menjaga kesegaran kopi, snack, atau produk UMKM lainnya. Tampilan profesional untuk meningkatkan nilai jual brand Anda.",,,,,,,,,,False
,,,"Kemasan  kualitas premium dari kategori . Dibuat dengan food-grade material yang menjamin keamanan produk Anda. Sangat ideal untuk menjaga kesegaran kopi, snack, atau produk UMKM lainnya. Tampilan profesional untuk meningkatkan nilai jual brand Anda.",,,,,,,,,,False
,,,"Kemasan  kualitas premium dari kategori . Dibuat dengan food-grade material yang menjamin keamanan produk Anda. Sangat ideal untuk menjaga kesegaran kopi, snack, atau produk UMKM lainnya. Tampilan profesional untuk meningkatkan nilai jual brand Anda.",,,,,,,,,,False
,,,"Kemasan  kualitas premium dari kategori . Dibuat dengan food-grade material yang menjamin keamanan produk Anda. Sangat ideal untuk menjaga kesegaran kopi, snack, atau produk UMKM lainnya. Tampilan profesional untuk meningkatkan nilai jual brand Anda.",,,,,,,,,,False
,,,"Kemasan  kualitas premium dari kategori . Dibuat dengan food-grade material yang menjamin keamanan produk Anda. Sangat ideal untuk menjaga kesegaran kopi, snack, atau produk UMKM lainnya. Tampilan profesional untuk meningkatkan nilai jual brand Anda.",,,,,,,,,,False
,,,"Kemasan  kualitas premium dari kategori . Dibuat dengan food-grade material yang menjamin keamanan produk Anda. Sangat ideal untuk menjaga kesegaran kopi, snack, atau produk UMKM lainnya. Tampilan profesional untuk meningkatkan nilai jual brand Anda.",,,,,,,,,,False
,,,"Kemasan  kualitas premium dari kategori . Dibuat dengan food-grade material yang menjamin keamanan produk Anda. Sangat ideal untuk menjaga kesegaran kopi, snack, atau produk UMKM lainnya. Tampilan profesional untuk meningkatkan nilai jual brand Anda.",,,,,,,,,,False
,,,"Kemasan  kualitas premium dari kategori . Dibuat dengan food-grade material yang menjamin keamanan produk Anda. Sangat ideal untuk menjaga kesegaran kopi, snack, atau produk UMKM lainnya. Tampilan profesional untuk meningkatkan nilai jual brand Anda.",,,,,,,,,,False
,,,"Kemasan  kualitas premium dari kategori . Dibuat dengan food-grade material yang menjamin keamanan produk Anda. Sangat ideal untuk menjaga kesegaran kopi, snack, atau produk UMKM lainnya. Tampilan profesional untuk meningkatkan nilai jual brand Anda.",,,,,,,,,,False
,,,"Kemasan  kualitas premium dari kategori . Dibuat dengan food-grade material yang menjamin keamanan produk Anda. Sangat ideal untuk menjaga kesegaran kopi, snack, atau produk UMKM lainnya. Tampilan profesional untuk meningkatkan nilai jual brand Anda.",,,,,,,,,,False
,,,"Kemasan  kualitas premium dari kategori . Dibuat dengan food-grade material yang menjamin keamanan produk Anda. Sangat ideal untuk menjaga kesegaran kopi, snack, atau produk UMKM lainnya. Tampilan profesional untuk meningkatkan nilai jual brand Anda.",,,,,,,,,,False
,,,"Kemasan  kualitas premium dari kategori . Dibuat dengan food-grade material yang menjamin keamanan produk Anda. Sangat ideal untuk menjaga kesegaran kopi, snack, atau produk UMKM lainnya. Tampilan profesional untuk meningkatkan nilai jual brand Anda.",,,,,,,,,,False
,,,"Kemasan  kualitas premium dari kategori . Dibuat dengan food-grade material yang menjamin keamanan produk Anda. Sangat ideal untuk menjaga kesegaran kopi, snack, atau produk UMKM lainnya. Tampilan profesional untuk meningkatkan nilai jual brand Anda.",,,,,,,,,,False
,,,"Kemasan  kualitas premium dari kategori . Dibuat dengan food-grade material yang menjamin keamanan produk Anda. Sangat ideal untuk menjaga kesegaran kopi, snack, atau produk UMKM lainnya. Tampilan profesional untuk meningkatkan nilai jual brand Anda.",,,,,,,,,,False
,,,"Kemasan  kualitas premium dari kategori . Dibuat dengan food-grade material yang menjamin keamanan produk Anda. Sangat ideal untuk menjaga kesegaran kopi, snack, atau produk UMKM lainnya. Tampilan profesional untuk meningkatkan nilai jual brand Anda.",,,,,,,,,,False
,,,"Kemasan  kualitas premium dari kategori . Dibuat dengan food-grade material yang menjamin keamanan produk Anda. Sangat ideal untuk menjaga kesegaran kopi, snack, atau produk UMKM lainnya. Tampilan profesional untuk meningkatkan nilai jual brand Anda.",,,,,,,,,,False
,,,"Kemasan  kualitas premium dari kategori . Dibuat dengan food-grade material yang menjamin keamanan produk Anda. Sangat ideal untuk menjaga kesegaran kopi, snack, atau produk UMKM lainnya. Tampilan profesional untuk meningkatkan nilai jual brand Anda.",,,,,,,,,,False
,,,"Kemasan  kualitas premium dari kategori . Dibuat dengan food-grade material yang menjamin keamanan produk Anda. Sangat ideal untuk menjaga kesegaran kopi, snack, atau produk UMKM lainnya. Tampilan profesional untuk meningkatkan nilai jual brand Anda.",,,,,,,,,,False
,,,"Kemasan  kualitas premium dari kategori . Dibuat dengan food-grade material yang menjamin keamanan produk Anda. Sangat ideal untuk menjaga kesegaran kopi, snack, atau produk UMKM lainnya. Tampilan profesional untuk meningkatkan nilai jual brand Anda.",,,,,,,,,,False
,,,"Kemasan  kualitas premium dari kategori . Dibuat dengan food-grade material yang menjamin keamanan produk Anda. Sangat ideal untuk menjaga kesegaran kopi, snack, atau produk UMKM lainnya. Tampilan profesional untuk meningkatkan nilai jual brand Anda.",,,,,,,,,,False
,,,"Kemasan  kualitas premium dari kategori . Dibuat dengan food-grade material yang menjamin keamanan produk Anda. Sangat ideal untuk menjaga kesegaran kopi, snack, atau produk UMKM lainnya. Tampilan profesional untuk meningkatkan nilai jual brand Anda.",,,,,,,,,,False
,,,"Kemasan  kualitas premium dari kategori . Dibuat dengan food-grade material yang menjamin keamanan produk Anda. Sangat ideal untuk menjaga kesegaran kopi, snack, atau produk UMKM lainnya. Tampilan profesional untuk meningkatkan nilai jual brand Anda.",,,,,,,,,,False
,,,"Kemasan  kualitas premium dari kategori . Dibuat dengan food-grade material yang menjamin keamanan produk Anda. Sangat ideal untuk menjaga kesegaran kopi, snack, atau produk UMKM lainnya. Tampilan profesional untuk meningkatkan nilai jual brand Anda.",,,,,,,,,,False
,,,"Kemasan  kualitas premium dari kategori . Dibuat dengan food-grade material yang menjamin keamanan produk Anda. Sangat ideal untuk menjaga kesegaran kopi, snack, atau produk UMKM lainnya. Tampilan profesional untuk meningkatkan nilai jual brand Anda.",,,,,,,,,,False
,,,"Kemasan  kualitas premium dari kategori . Dibuat dengan food-grade material yang menjamin keamanan produk Anda. Sangat ideal untuk menjaga kesegaran kopi, snack, atau produk UMKM lainnya. Tampilan profesional untuk meningkatkan nilai jual brand Anda.",,,,,,,,,,False
,,,"Kemasan  kualitas premium dari kategori . Dibuat dengan food-grade material yang menjamin keamanan produk Anda. Sangat ideal untuk menjaga kesegaran kopi, snack, atau produk UMKM lainnya. Tampilan profesional untuk meningkatkan nilai jual brand Anda.",,,,,,,,,,False
,,,"Kemasan  kualitas premium dari kategori . Dibuat dengan food-grade material yang menjamin keamanan produk Anda. Sangat ideal untuk menjaga kesegaran kopi, snack, atau produk UMKM lainnya. Tampilan profesional untuk meningkatkan nilai jual brand Anda.",,,,,,,,,,False
,,,"Kemasan  kualitas premium dari kategori . Dibuat dengan food-grade material yang menjamin keamanan produk Anda. Sangat ideal untuk menjaga kesegaran kopi, snack, atau produk UMKM lainnya. Tampilan profesional untuk meningkatkan nilai jual brand Anda.",,,,,,,,,,False
,,,"Kemasan  kualitas premium dari kategori . Dibuat dengan food-grade material yang menjamin keamanan produk Anda. Sangat ideal untuk menjaga kesegaran kopi, snack, atau produk UMKM lainnya. Tampilan profesional untuk meningkatkan nilai jual brand Anda.",,,,,,,,,,False
,,,"Kemasan  kualitas premium dari kategori . Dibuat dengan food-grade material yang menjamin keamanan produk Anda. Sangat ideal untuk menjaga kesegaran kopi, snack, atau produk UMKM lainnya. Tampilan profesional untuk meningkatkan nilai jual brand Anda.",,,,,,,,,,False
,,,"Kemasan  kualitas premium dari kategori . Dibuat dengan food-grade material yang menjamin keamanan produk Anda. Sangat ideal untuk menjaga kesegaran kopi, snack, atau produk UMKM lainnya. Tampilan profesional untuk meningkatkan nilai jual brand Anda.",,,,,,,,,,False
,,,"Kemasan  kualitas premium dari kategori . Dibuat dengan food-grade material yang menjamin keamanan produk Anda. Sangat ideal untuk menjaga kesegaran kopi, snack, atau produk UMKM lainnya. Tampilan profesional untuk meningkatkan nilai jual brand Anda.",,,,,,,,,,False
,,,"Kemasan  kualitas premium dari kategori . Dibuat dengan food-grade material yang menjamin keamanan produk Anda. Sangat ideal untuk menjaga kesegaran kopi, snack, atau produk UMKM lainnya. Tampilan profesional untuk meningkatkan nilai jual brand Anda.",,,,,,,,,,False
,,,"Kemasan  kualitas premium dari kategori . Dibuat dengan food-grade material yang menjamin keamanan produk Anda. Sangat ideal untuk menjaga kesegaran kopi, snack, atau produk UMKM lainnya. Tampilan profesional untuk meningkatkan nilai jual brand Anda.",,,,,,,,,,False
,,,"Kemasan  kualitas premium dari kategori . Dibuat dengan food-grade material yang menjamin keamanan produk Anda. Sangat ideal untuk menjaga kesegaran kopi, snack, atau produk UMKM lainnya. Tampilan profesional untuk meningkatkan nilai jual brand Anda.",,,,,,,,,,False
,,,"Kemasan  kualitas premium dari kategori . Dibuat dengan food-grade material yang menjamin keamanan produk Anda. Sangat ideal untuk menjaga kesegaran kopi, snack, atau produk UMKM lainnya. Tampilan profesional untuk meningkatkan nilai jual brand Anda.",,,,,,,,,,False
,,,"Kemasan  kualitas premium dari kategori . Dibuat dengan food-grade material yang menjamin keamanan produk Anda. Sangat ideal untuk menjaga kesegaran kopi, snack, atau produk UMKM lainnya. Tampilan profesional untuk meningkatkan nilai jual brand Anda.",,,,,,,,,,False
,,,"Kemasan  kualitas premium dari kategori . Dibuat dengan food-grade material yang menjamin keamanan produk Anda. Sangat ideal untuk menjaga kesegaran kopi, snack, atau produk UMKM lainnya. Tampilan profesional untuk meningkatkan nilai jual brand Anda.",,,,,,,,,,False
,,,"Kemasan  kualitas premium dari kategori . Dibuat dengan food-grade material yang menjamin keamanan produk Anda. Sangat ideal untuk menjaga kesegaran kopi, snack, atau produk UMKM lainnya. Tampilan profesional untuk meningkatkan nilai jual brand Anda.",,,,,,,,,,False
,,,"Kemasan  kualitas premium dari kategori . Dibuat dengan food-grade material yang menjamin keamanan produk Anda. Sangat ideal untuk menjaga kesegaran kopi, snack, atau produk UMKM lainnya. Tampilan profesional untuk meningkatkan nilai jual brand Anda.",,,,,,,,,,False
,,,"Kemasan  kualitas premium dari kategori . Dibuat dengan food-grade material yang menjamin keamanan produk Anda. Sangat ideal untuk menjaga kesegaran kopi, snack, atau produk UMKM lainnya. Tampilan profesional untuk meningkatkan nilai jual brand Anda.",,,,,,,,,,False
,,,"Kemasan  kualitas premium dari kategori . Dibuat dengan food-grade material yang menjamin keamanan produk Anda. Sangat ideal untuk menjaga kesegaran kopi, snack, atau produk UMKM lainnya. Tampilan profesional untuk meningkatkan nilai jual brand Anda.",,,,,,,,,,False
,,,"Kemasan  kualitas premium dari kategori . Dibuat dengan food-grade material yang menjamin keamanan produk Anda. Sangat ideal untuk menjaga kesegaran kopi, snack, atau produk UMKM lainnya. Tampilan profesional untuk meningkatkan nilai jual brand Anda.",,,,,,,,,,False
,,,"Kemasan  kualitas premium dari kategori . Dibuat dengan food-grade material yang menjamin keamanan produk Anda. Sangat ideal untuk menjaga kesegaran kopi, snack, atau produk UMKM lainnya. Tampilan profesional untuk meningkatkan nilai jual brand Anda.",,,,,,,,,,False
,,,"Kemasan  kualitas premium dari kategori . Dibuat dengan food-grade material yang menjamin keamanan produk Anda. Sangat ideal untuk menjaga kesegaran kopi, snack, atau produk UMKM lainnya. Tampilan profesional untuk meningkatkan nilai jual brand Anda.",,,,,,,,,,False
,,,"Kemasan  kualitas premium dari kategori . Dibuat dengan food-grade material yang menjamin keamanan produk Anda. Sangat ideal untuk menjaga kesegaran kopi, snack, atau produk UMKM lainnya. Tampilan profesional untuk meningkatkan nilai jual brand Anda.",,,,,,,,,,False
,,,"Kemasan  kualitas premium dari kategori . Dibuat dengan food-grade material yang menjamin keamanan produk Anda. Sangat ideal untuk menjaga kesegaran kopi, snack, atau produk UMKM lainnya. Tampilan profesional untuk meningkatkan nilai jual brand Anda.",,,,,,,,,,False
,,,"Kemasan  kualitas premium dari kategori . Dibuat dengan food-grade material yang menjamin keamanan produk Anda. Sangat ideal untuk menjaga kesegaran kopi, snack, atau produk UMKM lainnya. Tampilan profesional untuk meningkatkan nilai jual brand Anda.",,,,,,,,,,False
,,,"Kemasan  kualitas premium dari kategori . Dibuat dengan food-grade material yang menjamin keamanan produk Anda. Sangat ideal untuk menjaga kesegaran kopi, snack, atau produk UMKM lainnya. Tampilan profesional untuk meningkatkan nilai jual brand Anda.",,,,,,,,,,False
,,,"Kemasan  kualitas premium dari kategori . Dibuat dengan food-grade material yang menjamin keamanan produk Anda. Sangat ideal untuk menjaga kesegaran kopi, snack, atau produk UMKM lainnya. Tampilan profesional untuk meningkatkan nilai jual brand Anda.",,,,,,,,,,False
,,,"Kemasan  kualitas premium dari kategori . Dibuat dengan food-grade material yang menjamin keamanan produk Anda. Sangat ideal untuk menjaga kesegaran kopi, snack, atau produk UMKM lainnya. Tampilan profesional untuk meningkatkan nilai jual brand Anda.",,,,,,,,,,False
,,,"Kemasan  kualitas premium dari kategori . Dibuat dengan food-grade material yang menjamin keamanan produk Anda. Sangat ideal untuk menjaga kesegaran kopi, snack, atau produk UMKM lainnya. Tampilan profesional untuk meningkatkan nilai jual brand Anda.",,,,,,,,,,False
,,,"Kemasan  kualitas premium dari kategori . Dibuat dengan food-grade material yang menjamin keamanan produk Anda. Sangat ideal untuk menjaga kesegaran kopi, snack, atau produk UMKM lainnya. Tampilan profesional untuk meningkatkan nilai jual brand Anda.",,,,,,,,,,False
,,,"Kemasan  kualitas premium dari kategori . Dibuat dengan food-grade material yang menjamin keamanan produk Anda. Sangat ideal untuk menjaga kesegaran kopi, snack, atau produk UMKM lainnya. Tampilan profesional untuk meningkatkan nilai jual brand Anda.",,,,,,,,,,False
,,,"Kemasan  kualitas premium dari kategori . Dibuat dengan food-grade material yang menjamin keamanan produk Anda. Sangat ideal untuk menjaga kesegaran kopi, snack, atau produk UMKM lainnya. Tampilan profesional untuk meningkatkan nilai jual brand Anda.",,,,,,,,,,False
,,,"Kemasan  kualitas premium dari kategori . Dibuat dengan food-grade material yang menjamin keamanan produk Anda. Sangat ideal untuk menjaga kesegaran kopi, snack, atau produk UMKM lainnya. Tampilan profesional untuk meningkatkan nilai jual brand Anda.",,,,,,,,,,False
,,,"Kemasan  kualitas premium dari kategori . Dibuat dengan food-grade material yang menjamin keamanan produk Anda. Sangat ideal untuk menjaga kesegaran kopi, snack, atau produk UMKM lainnya. Tampilan profesional untuk meningkatkan nilai jual brand Anda.",,,,,,,,,,False
,,,"Kemasan  kualitas premium dari kategori . Dibuat dengan food-grade material yang menjamin keamanan produk Anda. Sangat ideal untuk menjaga kesegaran kopi, snack, atau produk UMKM lainnya. Tampilan profesional untuk meningkatkan nilai jual brand Anda.",,,,,,,,,,False
,,,"Kemasan  kualitas premium dari kategori . Dibuat dengan food-grade material yang menjamin keamanan produk Anda. Sangat ideal untuk menjaga kesegaran kopi, snack, atau produk UMKM lainnya. Tampilan profesional untuk meningkatkan nilai jual brand Anda.",,,,,,,,,,False
,,,"Kemasan  kualitas premium dari kategori . Dibuat dengan food-grade material yang menjamin keamanan produk Anda. Sangat ideal untuk menjaga kesegaran kopi, snack, atau produk UMKM lainnya. Tampilan profesional untuk meningkatkan nilai jual brand Anda.",,,,,,,,,,False
,,,"Kemasan  kualitas premium dari kategori . Dibuat dengan food-grade material yang menjamin keamanan produk Anda. Sangat ideal untuk menjaga kesegaran kopi, snack, atau produk UMKM lainnya. Tampilan profesional untuk meningkatkan nilai jual brand Anda.",,,,,,,,,,False
,,,"Kemasan  kualitas premium dari kategori . Dibuat dengan food-grade material yang menjamin keamanan produk Anda. Sangat ideal untuk menjaga kesegaran kopi, snack, atau produk UMKM lainnya. Tampilan profesional untuk meningkatkan nilai jual brand Anda.",,,,,,,,,,False
,,,"Kemasan  kualitas premium dari kategori . Dibuat dengan food-grade material yang menjamin keamanan produk Anda. Sangat ideal untuk menjaga kesegaran kopi, snack, atau produk UMKM lainnya. Tampilan profesional untuk meningkatkan nilai jual brand Anda.",,,,,,,,,,False
,,,"Kemasan  kualitas premium dari kategori . Dibuat dengan food-grade material yang menjamin keamanan produk Anda. Sangat ideal untuk menjaga kesegaran kopi, snack, atau produk UMKM lainnya. Tampilan profesional untuk meningkatkan nilai jual brand Anda.",,,,,,,,,,False
,,,"Kemasan  kualitas premium dari kategori . Dibuat dengan food-grade material yang menjamin keamanan produk Anda. Sangat ideal untuk menjaga kesegaran kopi, snack, atau produk UMKM lainnya. Tampilan profesional untuk meningkatkan nilai jual brand Anda.",,,,,,,,,,False
,,,"Kemasan  kualitas premium dari kategori . Dibuat dengan food-grade material yang menjamin keamanan produk Anda. Sangat ideal untuk menjaga kesegaran kopi, snack, atau produk UMKM lainnya. Tampilan profesional untuk meningkatkan nilai jual brand Anda.",,,,,,,,,,False
,,,"Kemasan  kualitas premium dari kategori . Dibuat dengan food-grade material yang menjamin keamanan produk Anda. Sangat ideal untuk menjaga kesegaran kopi, snack, atau produk UMKM lainnya. Tampilan profesional untuk meningkatkan nilai jual brand Anda.",,,,,,,,,,False
,,,"Kemasan  kualitas premium dari kategori . Dibuat dengan food-grade material yang menjamin keamanan produk Anda. Sangat ideal untuk menjaga kesegaran kopi, snack, atau produk UMKM lainnya. Tampilan profesional untuk meningkatkan nilai jual brand Anda.",,,,,,,,,,False
,,,"Kemasan  kualitas premium dari kategori . Dibuat dengan food-grade material yang menjamin keamanan produk Anda. Sangat ideal untuk menjaga kesegaran kopi, snack, atau produk UMKM lainnya. Tampilan profesional untuk meningkatkan nilai jual brand Anda.",,,,,,,,,,False
,,,"Kemasan  kualitas premium dari kategori . Dibuat dengan food-grade material yang menjamin keamanan produk Anda. Sangat ideal untuk menjaga kesegaran kopi, snack, atau produk UMKM lainnya. Tampilan profesional untuk meningkatkan nilai jual brand Anda.",,,,,,,,,,False
,,,"Kemasan  kualitas premium dari kategori . Dibuat dengan food-grade material yang menjamin keamanan produk Anda. Sangat ideal untuk menjaga kesegaran kopi, snack, atau produk UMKM lainnya. Tampilan profesional untuk meningkatkan nilai jual brand Anda.",,,,,,,,,,False
,,,"Kemasan  kualitas premium dari kategori . Dibuat dengan food-grade material yang menjamin keamanan produk Anda. Sangat ideal untuk menjaga kesegaran kopi, snack, atau produk UMKM lainnya. Tampilan profesional untuk meningkatkan nilai jual brand Anda.",,,,,,,,,,False
,,,"Kemasan  kualitas premium dari kategori . Dibuat dengan food-grade material yang menjamin keamanan produk Anda. Sangat ideal untuk menjaga kesegaran kopi, snack, atau produk UMKM lainnya. Tampilan profesional untuk meningkatkan nilai jual brand Anda.",,,,,,,,,,False
,,,"Kemasan  kualitas premium dari kategori . Dibuat dengan food-grade material yang menjamin keamanan produk Anda. Sangat ideal untuk menjaga kesegaran kopi, snack, atau produk UMKM lainnya. Tampilan profesional untuk meningkatkan nilai jual brand Anda.",,,,,,,,,,False
,,,"Kemasan  kualitas premium dari kategori . Dibuat dengan food-grade material yang menjamin keamanan produk Anda. Sangat ideal untuk menjaga kesegaran kopi, snack, atau produk UMKM lainnya. Tampilan profesional untuk meningkatkan nilai jual brand Anda.",,,,,,,,,,False
,,,"Kemasan  kualitas premium dari kategori . Dibuat dengan food-grade material yang menjamin keamanan produk Anda. Sangat ideal untuk menjaga kesegaran kopi, snack, atau produk UMKM lainnya. Tampilan profesional untuk meningkatkan nilai jual brand Anda.",,,,,,,,,,False
,,,"Kemasan  kualitas premium dari kategori . Dibuat dengan food-grade material yang menjamin keamanan produk Anda. Sangat ideal untuk menjaga kesegaran kopi, snack, atau produk UMKM lainnya. Tampilan profesional untuk meningkatkan nilai jual brand Anda.",,,,,,,,,,False
,,,"Kemasan  kualitas premium dari kategori . Dibuat dengan food-grade material yang menjamin keamanan produk Anda. Sangat ideal untuk menjaga kesegaran kopi, snack, atau produk UMKM lainnya. Tampilan profesional untuk meningkatkan nilai jual brand Anda.",,,,,,,,,,False
,,,"Kemasan  kualitas premium dari kategori . Dibuat dengan food-grade material yang menjamin keamanan produk Anda. Sangat ideal untuk menjaga kesegaran kopi, snack, atau produk UMKM lainnya. Tampilan profesional untuk meningkatkan nilai jual brand Anda.",,,,,,,,,,False
,,,"Kemasan  kualitas premium dari kategori . Dibuat dengan food-grade material yang menjamin keamanan produk Anda. Sangat ideal untuk menjaga kesegaran kopi, snack, atau produk UMKM lainnya. Tampilan profesional untuk meningkatkan nilai jual brand Anda.",,,,,,,,,,False
,,,"Kemasan  kualitas premium dari kategori . Dibuat dengan food-grade material yang menjamin keamanan produk Anda. Sangat ideal untuk menjaga kesegaran kopi, snack, atau produk UMKM lainnya. Tampilan profesional untuk meningkatkan nilai jual brand Anda.",,,,,,,,,,False
,,,"Kemasan  kualitas premium dari kategori . Dibuat dengan food-grade material yang menjamin keamanan produk Anda. Sangat ideal untuk menjaga kesegaran kopi, snack, atau produk UMKM lainnya. Tampilan profesional untuk meningkatkan nilai jual brand Anda.",,,,,,,,,,False
,,,"Kemasan  kualitas premium dari kategori . Dibuat dengan food-grade material yang menjamin keamanan produk Anda. Sangat ideal untuk menjaga kesegaran kopi, snack, atau produk UMKM lainnya. Tampilan profesional untuk meningkatkan nilai jual brand Anda.",,,,,,,,,,False
,,,"Kemasan  kualitas premium dari kategori . Dibuat dengan food-grade material yang menjamin keamanan produk Anda. Sangat ideal untuk menjaga kesegaran kopi, snack, atau produk UMKM lainnya. Tampilan profesional untuk meningkatkan nilai jual brand Anda.",,,,,,,,,,False
,,,"Kemasan  kualitas premium dari kategori . Dibuat dengan food-grade material yang menjamin keamanan produk Anda. Sangat ideal untuk menjaga kesegaran kopi, snack, atau produk UMKM lainnya. Tampilan profesional untuk meningkatkan nilai jual brand Anda.",,,,,,,,,,False
,,,"Kemasan  kualitas premium dari kategori . Dibuat dengan food-grade material yang menjamin keamanan produk Anda. Sangat ideal untuk menjaga kesegaran kopi, snack, atau produk UMKM lainnya. Tampilan profesional untuk meningkatkan nilai jual brand Anda.",,,,,,,,,,False
,,,"Kemasan  kualitas premium dari kategori . Dibuat dengan food-grade material yang menjamin keamanan produk Anda. Sangat ideal untuk menjaga kesegaran kopi, snack, atau produk UMKM lainnya. Tampilan profesional untuk meningkatkan nilai jual brand Anda.",,,,,,,,,,False
,,,"Kemasan  kualitas premium dari kategori . Dibuat dengan food-grade material yang menjamin keamanan produk Anda. Sangat ideal untuk menjaga kesegaran kopi, snack, atau produk UMKM lainnya. Tampilan profesional untuk meningkatkan nilai jual brand Anda.",,,,,,,,,,False
,,,"Kemasan  kualitas premium dari kategori . Dibuat dengan food-grade material yang menjamin keamanan produk Anda. Sangat ideal untuk menjaga kesegaran kopi, snack, atau produk UMKM lainnya. Tampilan profesional untuk meningkatkan nilai jual brand Anda.",,,,,,,,,,False
,,,"Kemasan  kualitas premium dari kategori . Dibuat dengan food-grade material yang menjamin keamanan produk Anda. Sangat ideal untuk menjaga kesegaran kopi, snack, atau produk UMKM lainnya. Tampilan profesional untuk meningkatkan nilai jual brand Anda.",,,,,,,,,,False
,,,"Kemasan  kualitas premium dari kategori . Dibuat dengan food-grade material yang menjamin keamanan produk Anda. Sangat ideal untuk menjaga kesegaran kopi, snack, atau produk UMKM lainnya. Tampilan profesional untuk meningkatkan nilai jual brand Anda.",,,,,,,,,,False
,,,"Kemasan  kualitas premium dari kategori . Dibuat dengan food-grade material yang menjamin keamanan produk Anda. Sangat ideal untuk menjaga kesegaran kopi, snack, atau produk UMKM lainnya. Tampilan profesional untuk meningkatkan nilai jual brand Anda.",,,,,,,,,,False
,,,"Kemasan  kualitas premium dari kategori . Dibuat dengan food-grade material yang menjamin keamanan produk Anda. Sangat ideal untuk menjaga kesegaran kopi, snack, atau produk UMKM lainnya. Tampilan profesional untuk meningkatkan nilai jual brand Anda.",,,,,,,,,,False
,,,"Kemasan  kualitas premium dari kategori . Dibuat dengan food-grade material yang menjamin keamanan produk Anda. Sangat ideal untuk menjaga kesegaran kopi, snack, atau produk UMKM lainnya. Tampilan profesional untuk meningkatkan nilai jual brand Anda.",,,,,,,,,,False
,,,"Kemasan  kualitas premium dari kategori . Dibuat dengan food-grade material yang menjamin keamanan produk Anda. Sangat ideal untuk menjaga kesegaran kopi, snack, atau produk UMKM lainnya. Tampilan profesional untuk meningkatkan nilai jual brand Anda.",,,,,,,,,,False
,,,"Kemasan  kualitas premium dari kategori . Dibuat dengan food-grade material yang menjamin keamanan produk Anda. Sangat ideal untuk menjaga kesegaran kopi, snack, atau produk UMKM lainnya. Tampilan profesional untuk meningkatkan nilai jual brand Anda.",,,,,,,,,,False
,,,"Kemasan  kualitas premium dari kategori . Dibuat dengan food-grade material yang menjamin keamanan produk Anda. Sangat ideal untuk menjaga kesegaran kopi, snack, atau produk UMKM lainnya. Tampilan profesional untuk meningkatkan nilai jual brand Anda.",,,,,,,,,,False
,,,"Kemasan  kualitas premium dari kategori . Dibuat dengan food-grade material yang menjamin keamanan produk Anda. Sangat ideal untuk menjaga kesegaran kopi, snack, atau produk UMKM lainnya. Tampilan profesional untuk meningkatkan nilai jual brand Anda.",,,,,,,,,,False
,,,"Kemasan  kualitas premium dari kategori . Dibuat dengan food-grade material yang menjamin keamanan produk Anda. Sangat ideal untuk menjaga kesegaran kopi, snack, atau produk UMKM lainnya. Tampilan profesional untuk meningkatkan nilai jual brand Anda.",,,,,,,,,,False
,,,"Kemasan  kualitas premium dari kategori . Dibuat dengan food-grade material yang menjamin keamanan produk Anda. Sangat ideal untuk menjaga kesegaran kopi, snack, atau produk UMKM lainnya. Tampilan profesional untuk meningkatkan nilai jual brand Anda.",,,,,,,,,,False
,,,"Kemasan  kualitas premium dari kategori . Dibuat dengan food-grade material yang menjamin keamanan produk Anda. Sangat ideal untuk menjaga kesegaran kopi, snack, atau produk UMKM lainnya. Tampilan profesional untuk meningkatkan nilai jual brand Anda.",,,,,,,,,,False
,,,"Kemasan  kualitas premium dari kategori . Dibuat dengan food-grade material yang menjamin keamanan produk Anda. Sangat ideal untuk menjaga kesegaran kopi, snack, atau produk UMKM lainnya. Tampilan profesional untuk meningkatkan nilai jual brand Anda.",,,,,,,,,,False
,,,"Kemasan  kualitas premium dari kategori . Dibuat dengan food-grade material yang menjamin keamanan produk Anda. Sangat ideal untuk menjaga kesegaran kopi, snack, atau produk UMKM lainnya. Tampilan profesional untuk meningkatkan nilai jual brand Anda.",,,,,,,,,,False
,,,"Kemasan  kualitas premium dari kategori . Dibuat dengan food-grade material yang menjamin keamanan produk Anda. Sangat ideal untuk menjaga kesegaran kopi, snack, atau produk UMKM lainnya. Tampilan profesional untuk meningkatkan nilai jual brand Anda.",,,,,,,,,,False
,,,"Kemasan  kualitas premium dari kategori . Dibuat dengan food-grade material yang menjamin keamanan produk Anda. Sangat ideal untuk menjaga kesegaran kopi, snack, atau produk UMKM lainnya. Tampilan profesional untuk meningkatkan nilai jual brand Anda.",,,,,,,,,,False
,,,"Kemasan  kualitas premium dari kategori . Dibuat dengan food-grade material yang menjamin keamanan produk Anda. Sangat ideal untuk menjaga kesegaran kopi, snack, atau produk UMKM lainnya. Tampilan profesional untuk meningkatkan nilai jual brand Anda.",,,,,,,,,,False
,,,"Kemasan  kualitas premium dari kategori . Dibuat dengan food-grade material yang menjamin keamanan produk Anda. Sangat ideal untuk menjaga kesegaran kopi, snack, atau produk UMKM lainnya. Tampilan profesional untuk meningkatkan nilai jual brand Anda.",,,,,,,,,,False
,,,"Kemasan  kualitas premium dari kategori . Dibuat dengan food-grade material yang menjamin keamanan produk Anda. Sangat ideal untuk menjaga kesegaran kopi, snack, atau produk UMKM lainnya. Tampilan profesional untuk meningkatkan nilai jual brand Anda.",,,,,,,,,,False
,,,"Kemasan  kualitas premium dari kategori . Dibuat dengan food-grade material yang menjamin keamanan produk Anda. Sangat ideal untuk menjaga kesegaran kopi, snack, atau produk UMKM lainnya. Tampilan profesional untuk meningkatkan nilai jual brand Anda.",,,,,,,,,,False
